fragment_smiles,count
[3*]OC,836
[1*]C([6*])=O,523
[8*]CO,398
[16*]c1ccccc1,336
[7*]CC,325
[7*]CC[7*],325
[6*]C(=O)O,304
[8*]C(C)C,285
[8*]CC(C)C,268
[1*]C(C)=O,258
[7*]C(C)C,188
[16*]c1ccc(O)cc1,186
[8*]CC,180
[1*]C(=O)C[7*],176
[8*]Cc1ccccc1,139
[7*]CC([7*])C,139
[7*]CC[8*],130
[8*][C@@H](C)CC,116
[16*]c1c[nH]c2ccccc12,113
[5*]N(C)C,111
[5*]N([5*])C,109
[7*]C([8*])C,94
[1*]C([1*])=O,91
[1*]C(N)=O,90
[8*]CC(N)=O,82
[1*]C(=O)CN[5*],78
[8*][C@@H](C)O,76
[1*]C(=O)[C@H](CO)N[5*],75
[5*]NC,75
[14*]c1csc([14*])n1,71
[8*]Cc1ccc(O)cc1,69
[5*]N1CCC[C@H]1[13*],69
[8*]CCC(N)=O,68
[3*]OC[8*],67
[5*]N[C@@H](C[8*])C(=O)O,65
[16*]c1cccc(O)c1O,58
[8*]Cc1c[nH]c2ccccc12,56
[7*]CCCC([7*])C,55
[7*]CC(=O)O,55
[5*]NC(=N)N,54
[11*]SC,54
[1*]C(=O)[C@@H](N[5*])C(C)C,53
[1*]C(=O)[C@H](C)N[5*],52
[1*]C(=O)[C@H](C[8*])N[5*],51
[1*]C(=O)[C@H](CC(C)C)N[5*],50
[8*]C(C)CC,49
[9*]n1ccc(=O)[nH]c1=O,49
[8*]CC(=O)O,47
[1*]C(=O)C([7*])N[5*],46
[8*]CCCCC,44
[16*]c1ccc([16*])cc1,42
[4*]CC[7*],42
[8*][C@H](C)CC,42
[8*]CN,38
[13*][C@@H]1O[C@H]([13*])[C@@H](O)[C@H]1O,37
[1*]C(=O)[C@H](N[5*])[C@@H](C)O,37
[6*]C(C)=O,37
[1*]C(=O)C([7*])C,36
[8*]C(C)O,35
[13*][C@@H]1O[C@H]([13*])[C@@H](O)[C@H](O)[C@H]1O,35
[3*]O[C@@H]1O[C@H]([13*])[C@@H](O)[C@H](O)[C@H]1O,35
[13*][C@H]1O[C@H]([13*])[C@@H](O)[C@H](O)[C@H]1O,33
[3*]O[C@H]1O[C@H]([13*])[C@@H](O)[C@H](O)[C@H]1O,33
[7*]CCC,33
[1*]C(=O)[C@H](CCCN=C(N)N)N[5*],32
[3*]OS(=O)(=O)O,31
[1*]C(=O)C(CC(C)C)N[5*],30
[7*]CCC[8*],29
[1*]C(=O)CC,28
[8*]C(C)(C)C=C,28
[8*]Cc1ccc([16*])cc1,28
[8*][C@H](C)O,28
[1*]C(=O)[C@@H](C)N[5*],28
[8*]CCC,28
[8*]C([8*])O,27
[6*]C([6*])=O,27
[7*]CCCC[7*],27
[3*]OCC[7*],26
[8*]CCO,26
[1*]C(=O)[C@@H](N[5*])[C@@H](C)CC,25
[8*]CCCC,25
[16*]c1cccc(O)c1,25
[16*]c1ccccc1O,24
[5*]NC(C[8*])C(=O)O,24
[5*]NCCCCN,24
[1*]C(=O)[C@@H](CC(C)C)N[5*],24
[7*]Cc1ccc(O)cc1,23
[1*]C(=O)[C@@H](N[5*])[C@@H](C)O,23
[1*]C(=O)[C@@H](CO)N[5*],23
[7*]C(C)C(=O)O,23
[5*]N1CCCC1[13*],22
[8*]C(C)(C)O,22
[5*]NC=O,22
[1*]C(=O)C(CO)N[5*],22
[8*]CCC(=O)O,21
[8*]CCCN(O)C=O,21
[14*]c1cnc[nH]1,21
[7*]Cc1ccccc1C[7*],21
[1*]C(=O)[C@@H](C[8*])N[5*],21
[7*]Cc1ccccc1,20
[14*]c1cc(O)cc(=O)o1,20
[8*]CCCN,20
[1*]C(=O)[C@H](CCC(N)=O)N[5*],20
[1*]C(=O)C(=C)N[5*],20
[8*]CC[8*],19
[6*]C(N)=O,19
[15*]C1CC(=O)NC(=O)C1,19
[13*][C@@H]1O[C@H](C)C[C@H]([15*])[C@H]1O,19
[3*]O[C@@H]1O[C@H](C)C[C@H]([15*])[C@H]1O,19
[5*]NCC[8*],19
[1*]C(=O)[C@H](N[5*])[C@@H](O)C(=O)O,18
[7*]CCCC,18
[8*]CCCCCC,18
[1*]C(=O)C[8*],17
[5*]NC[8*],17
[8*]CCCN=C(N)N,17
[1*]C(=O)CC(C)C,17
[7*]CC([7*])O,17
[16*]c1c(C)cc(O)cc1O,17
[8*]CCN,17
[13*][C@H]1C[C@@H]([15*])[C@H](O)[C@@H](C)O1,17
[7*]CCC[7*],17
[5*][N+]#[C-],17
[1*]C(=O)C(N[5*])C(C)O,16
[16*]c1cc([16*])c(O)c([16*])c1,16
[8*]C([8*])C,16
[13*][C@@H]1NC(=O)[C@H]([13*])NC1=O,16
[1*]C(=O)CC(=O)O,16
[14*]c1coc([14*])n1,15
[1*]C(=O)CC(O)(CC([1*])=O)C(=O)O,15
[1*]C(=O)CCN[5*],15
[3*]O[C@@H]1C[C@H]([13*])O[C@H](C)[C@H]1O,15
[5*]N/C=C1/C[C@@H](O)[C@H]([13*])O1,15
[1*]C(=O)[C@@H](N[5*])[C@@H]([4*])C,15
[1*]C(=O)CC[7*],15
[1*]C(=O)C(N[5*])C(C)CC,14
[16*]c1cc(O)cc(O)c1,14
[1*]C(=O)CCCCCCCCCCC,14
[8*]CCCCCCC,14
[1*]C(=O)CCCCCCC,14
[13*][C@@H]1COC(c2ccccc2O)=N1,14
[1*]C(=O)[C@@H](N)C(C)C,14
[1*]C(=O)[C@@H]([4*])C(C)C,14
[1*]C(=O)[C@@H](N[5*])[C@@H](O)C(=O)O,14
[3*]OC([8*])[8*],14
[1*]C(=O)CC(O)CCCCCCC,13
[1*]C(=O)C(N[5*])C(C)C,13
[3*]OP(=O)(O)O,13
[1*]C(=O)[C@H](C)N,13
[6*]C(=O)C([7*])C,13
[1*]C(=O)[C@@H](N)C[8*],13
[1*]C(=O)[C@H](CC[4*])N[5*],13
[1*]C(=O)C(CC[8*])N[5*],13
[6*]C(=O)CCO,13
[1*]C(=O)[C@H](CCCN(O)C=O)N[5*],13
[1*]C(=O)C[C@H](O)CCCCCCC,13
[3*]O[C@H]1CC[C@H]([15*])[C@H](C)O1,13
[13*][C@H]1CC[C@H]([15*])[C@H](C)O1,13
[7*]Cc1ccc[nH]1,13
[7*]CC1=N[C@H](C[7*])[C@@H](C)O1,13
[14*]c1nc([14*])c(C)o1,12
[7*]CCO,12
[8*]C(C)(C)C,12
[4*]CCC[8*],12
[1*]C(=O)CCC[7*],12
[1*]C(=O)[C@H](CCCN)N[5*],12
[3*]O[C@H]1CC[C@H](O)[C@H](C)O1,12
[13*][C@H]1CC[C@H](O)[C@H](C)O1,12
[6*]C(=O)C[7*],12
[7*]CCCCCCCC,12
[14*]c1ccc[nH]1,12
[1*]C(=O)[C@H](N[5*])C(C)C,12
[5*]N[C@@H](CCC(N)=O)C(=O)O,12
[3*]OC([8*])CC(=O)O,12
[7*]CCCCCC,12
[1*]C(=O)[C@@H]([4*])C[8*],12
[16*]c1c(O)cc(C)oc1=O,12
[3*]O[C@H]1CC[C@H](O[3*])[C@H](C)O1,12
[3*]O[C@H]1CC[C@H]([13*])O[C@H]1C,12
[13*][C@H]1CC[C@H]([15*])[C@@H](C)O1,12
[1*]C(=O)C(CCC(N)=O)N[5*],11
[8*]CCCCN,11
[8*]CCCCCCCCCCCCCCC,11
[3*]O[C@@H]1[C@@H](O)[C@H](O[3*])[C@@H](N)C[C@H]1N,11
[15*][C@@H]1[C@@H](O)[C@H]([15*])[C@@H](N)C[C@H]1N,11
[3*]O[C@H]1[C@H](O)[C@@H]([15*])[C@H](N)C[C@@H]1N,11
[3*]O[C@@H]1[C@@H](O)[C@H]([15*])[C@@H](N)C[C@H]1N,11
[4*][C@@H](C[8*])[C@@H](C)C[7*],11
[13*][C@H]1O[C@@H](O)[C@H](O)[C@@H](O)[C@@H]1[15*],11
[3*]O[C@H]1[C@H](O)[C@@H](O)[C@H](O)O[C@@H]1[13*],11
[1*]C(=O)[C@@H]([4*])CCCNO,11
[1*]C(=O)C(C)C,11
[1*]C(=O)[C@@H](CCC(N)=O)N[5*],11
[13*]C1OC([13*])C(O)C(O)C1O,11
[5*]NC1=C(O)CCC1=O,11
[8*]Cc1c(O)c(C)c(C)oc1=O,11
[16*]c1c(O)c(C)c(C)oc1=O,11
[3*]O[C@H]1[C@H](O)C[C@H]([13*])O[C@@H]1C,11
[3*]O[C@H]1C[C@@H]([15*])[C@H](O)[C@@H](C)O1,11
[5*]Nc1ccc([16*])cc1,11
[13*][C@@H]1OC[C@@H](O)[C@H](O)[C@H]1O,11
[3*]O[C@@H]1OC[C@@H](O)[C@H](O)[C@H]1O,11
[1*]C(=O)[C@@H](CC(N)=O)N[5*],11
[7*]C[C@H]([8*])C,11
[5*]NC(=C)C(N)=O,11
[4*]CCCN[5*],11
[14*]c1c[nH]cn1,11
[1*]C(=O)C(N[5*])C([4*])C,11
[14*]c1cc(O)c([16*])c(=O)o1,11
[8*]C[C@@H](C)O,11
[3*]OS(=O)(=O)[O-],11
[14*]c1cnc([14*])c(=O)[nH]1,11
[1*]C(=O)C[C@H](C)CC(=O)O,11
[3*]O[C@H]1CN(C)[C@@H]([C@H]([4*])[8*])C(=O)N(C)[C@@H]1[13*],11
[3*]O[C@H]1CN(C)[C@@H]([13*])C(=O)N(C)[C@@H]1[13*],11
[13*][C@@H]1O[C@H]([13*])[C@@H](O)[C@H]1[15*],11
[3*]O[C@@H]1O[C@H]([13*])[C@@H](O)[C@H]1[15*],11
[13*][C@@H]1CCN=C(C)N1,10
[1*]C(=O)CC(O)CCCCCCCCC,10
[1*]C(=O)[C@@H](CCC(=O)O)N[5*],10
[1*]C(=O)[C@@H](N[5*])[C@H](O)C(=O)O,10
[3*]Oc1ccc([16*])cc1,10
[3*]Oc1ccc(C[8*])cc1,10
[16*]c1cccc2[nH]cc([16*])c12,10
[3*]Oc1cc([16*])c(O)c([16*])c1,10
[3*]OCN([5*])[5*],10
[1*]C(=O)CCC,10
[7*]CC(N)=O,10
[7*]C(C)CC[8*],10
[16*]c1ccc([N+](=O)[O-])cc1,10
[1*]C(=O)[C@H](CCN)N[5*],10
[3*]OC1OC([13*])C(O)C(O)C1O,10
[1*]C(=O)C(N[5*])C(O)C(=O)O,10
[9*]n1cnc2c(N)ncnc21,10
[3*]O[C@@H]1O[C@H](C)[C@@H](O)[C@H](N)[C@@H]1O,10
[13*][C@@H]1O[C@H](C)[C@@H](O)[C@H](N)[C@@H]1O,10
[4*]CCCC[7*],10
[7*]CCCCCCC,10
[3*]O[C@H]1C[C@@H](O)[C@H](O)[C@@H](C)O1,10
[13*][C@H]1C[C@@H](O)[C@H](O)[C@@H](C)O1,10
[3*]O[C@H]1C[C@@H](O[3*])[C@H](O)[C@@H](C)O1,10
[1*]C(=O)CCCCCCCCCCCCC,10
[7*]CCC(O)C[7*],10
[1*]C(=O)[C@@H]([4*])CC(C)C,10
[3*]OC1CCN([5*])C1[13*],10
[5*]NC(CC(N)=O)C(=O)O,10
[1*]C(=O)C(CCC(=O)O)N[5*],10
[16*]c1ccc([16*])c(O)c1[16*],10
[3*]O[C@H]1CC[C@H]([13*])O[C@@H]1C,10
[3*]O[C@H]1CC[C@H]([15*])[C@@H](C)O1,10
[1*]C(=O)C(C[8*])N[5*],10
[4*]C(C)(C)C=C,10
[5*]NCCCN[5*],10
[4*][C@@H]([8*])[C@H]1O[C@@H]([13*])[C@H](O)[C@@H]1O,10
[5*]N[C@H]1CCCN(O)C1=O,9
[7*]Cc1coc([14*])n1,9
[8*]Cc1c[nH]c2cccc([16*])c12,9
[4*]C[C@H](N[5*])C(=O)O,9
[3*]O[C@@H]1O[C@H]([13*])[C@H]([15*])[C@H](O[3*])[C@H]1O,9
[3*]O[C@H]1O[C@H](C[4*])[C@@H](O)[C@H](O)[C@H]1O,9
[3*]O[C@H]1O[C@H]([13*])[C@@H]([15*])[C@H](O)[C@H]1N[5*],9
[3*]O[C@H]1[C@H](O)[C@@H](N[5*])[C@@H]([13*])O[C@@H]1[13*],9
[3*]O[C@]1([13*])C[C@H](O)[C@@H](N[5*])[C@H]([13*])O1,9
[4*][C@]1([13*])C[C@H](O)[C@@H](N[5*])[C@H]([13*])O1,9
[3*]O[C@@H]1O[C@H]([13*])[C@H](O[3*])[C@H](O[3*])[C@H]1O,9
[5*]N[C@@H]1[C@@H](O)[C@H]([15*])[C@@H]([13*])O[C@@H]1[13*],9
[3*]O[C@@H]1O[C@H]([13*])[C@H](O)[C@H]([15*])[C@H]1O,9
[8*][C@H](O)[C@H](O)CO,9
[3*]O[C@@H]1[C@H]([15*])[C@@H](O)[C@H]([13*])O[C@@H]1[13*],9
[13*][C@@H]1O[C@H]([13*])[C@H](O)[C@H]([15*])[C@H]1O,9
[3*]O[C@@H]1[C@@H](O)[C@H]([13*])O[C@H]([13*])[C@@H]1O[3*],9
[13*][C@@H]1O[C@H]([13*])[C@H]([15*])[C@H]([15*])[C@H]1O,9
[3*]O[C@@H]1O[C@H]([13*])[C@H](O)[C@H](O[3*])[C@H]1O,9
[5*]N[C@H]1[C@H]([13*])OC([13*])([13*])C[C@@H]1O,9
[3*]O[C@H]1[C@@H]([15*])[C@@H]([13*])O[C@@H]([13*])[C@@H]1O,9
[3*]O[C@@H]1O[C@H]([13*])[C@H](O[3*])[C@H]([15*])[C@H]1O,9
[3*]O[C@@H]1O[C@H]([13*])[C@H]([15*])[C@H]([15*])[C@H]1O,9
[4*]C[C@H]1O[C@H]([13*])[C@H](O)[C@@H](O)[C@@H]1O,9
[3*]O[C@@H]1[C@@H](O)[C@H]([13*])O[C@H]([13*])[C@@H]1O,9
[3*]O[C@H]1O[C@H]([13*])[C@@H](O[3*])[C@H](O)[C@H]1N[5*],9
[7*]CC(C)C,9
[7*]C(C)C=C,9
[5*]N[C@@H](CCCN(O)C=O)C(=O)O,9
[1*]C(=O)C(C)N[5*],9
[5*]N[C@H](C[8*])C(=O)O,9
[1*]C(=O)C([4*])C[4*],9
[8*]C[C@@H]1C(=C)CC[C@H]2[C@@]([15*])(C)[C@H](O)CC[C@]12C,9
[15*][C@@H]1C(=C)CC[C@H]2[C@@]([15*])(C)[C@H](O)CC[C@]12C,9
[4*]CC[C@H](N[5*])C(=O)O,9
[7*]C([8*])O,9
[1*]C(=O)C(CC(=O)O)N[5*],9
[8*]C(O)C(=O)O,9
[15*][C@@H]1C=C2c3cccc4[nH]cc(c34)C[C@H]2N(C)C1,9
[1*]C(=O)C[C@@H](N)CCCN,9
[9*]n1cc([16*])c2ccccc21,9
[5*]N[C@@H](CC(C)C)C(=O)O,9
[8*]Cc1cnc([14*])c(=O)[nH]1,9
[8*]CCCCCC(Cl)CCCCCC,9
[16*]c1ccc(O)cc1[16*],9
[8*][C@H](C)C(=O)O,9
[5*]NC(CC(C)C)C(=O)O,8
[1*]C(=O)C[C@@H](CC(=O)O)C(=O)O,8
[7*]C[C@H](C)C(=O)C[C@H](O)C[8*],8
[4*]CC[8*],8
[7*]Cc1ccc(O)c(Br)c1,8
[1*]C(=O)CCCCCCCCCCCCCCC,8
[5*]NCC(=O)O,8
[13*][C@H]1O[C@H]([13*])[C@@H](O)[C@H](N)[C@H]1O,8
[3*]O[C@H]1O[C@H]([13*])[C@@H](O)[C@H](N)[C@H]1O,8
[7*]C[C@@H](C)[C@@H](O)C([7*])C,8
[3*]O[C@H]1O[C@H]([13*])[C@@H](O)[C@H](O)[C@H]1N,8
[13*][C@H]1O[C@H]([13*])[C@@H](O)[C@H](O)[C@H]1N,8
[7*]CC(C)CC,8
[13*]C1OC([13*])C(O)C(O)C1[15*],8
[3*]OC1C([13*])OC([13*])C(O)C1O,8
[3*]OP(=O)(O)O[3*],8
[1*]C(=O)[C@H]([8*])N[5*],8
[5*]Nc1cc(N)c2c3c(cc([14*])nc13)C=N2,8
[13*]C1([13*])CC(=C)[C@@H](C)[C@@H](C)O1,8
[4*][C@]1([13*])CC(=C)[C@@H](C)[C@@H](C)O1,8
[7*]C[C@@H](C)CC,8
[5*]NCCC1=CCN(C(=N)N)C1,8
[1*]C(=O)[C@@H](CCCCN)N[5*],8
[8*]C(O)C(N)=O,8
[1*]C(=O)C([7*])C[7*],8
[1*]C(=O)[C@@H](CC(=O)O)N[5*],8
[1*]C(=O)[C@H](CCC[4*])N[5*],8
[1*]C(=O)[C@@H](CCCN=C(N)N)N[5*],8
[5*]N[C@H](C(=O)O)[C@@H](C)CC,8
[8*]Cc1cn([9*])c2ccccc12,8
[7*]CCCCCCCCC,8
[3*]O[C@H]1CC[C@H](O[3*])[C@@H](C)O1,8
[7*]CC([8*])O,8
[1*]C(=O)[C@@H]([4*])[C@@H](C)CC,8
[15*]C1(C)CC1,8
[1*]C(=O)[C@@]([8*])(C)[C@@H](O)C[7*],8
[5*]N[C@@H](CO)C(=O)N(O)CCC[8*],8
[13*][C@H]1CN2C(=O)C[C@@H]2O1,8
[16*]c1cc(Cl)c2c(c1O)C(=O)O[C@H](C)C2,7
[4*][C@@H]([8*])C,7
[1*]C(=O)[C@H](CC(=O)O)N[5*],7
[13*][C@@H]1O[C@H](C)[C@@H](O)[C@@H]([15*])[C@H]1[15*],7
[3*]O[C@@H]1O[C@H](C)[C@@H](O)[C@@H]([15*])[C@H]1[15*],7
[5*]N[C@@H](CO)C(=O)O,7
[1*]C(=O)[C@@H](CCC[4*])N[5*],7
[1*]C(=O)CCCCC,7
[16*]c1c(C)cccc1O,7
[13*][C@H]1C[C@@H]([15*])[C@@H](O)[C@H](C)O1,7
[13*][C@@H]1O[C@H]([13*])[C@@H]([15*])[C@H]1O,7
[16*]c1ccc(O)c([16*])c1,7
[8*]CCCCCCCCCCC,7
[14*]c1nc2ccccc2cc1O,7
[6*]C(=O)[O-],7
[13*][C@@H]1O[C@H]([13*])[C@@H]([15*])[C@H](O)[C@H]1O,7
[13*]C1CC(O)C([15*])C(C)O1,7
[13*]C1CC([15*])C([15*])C(C)O1,7
[8*]CC=O,7
[1*]C(=O)[C@H]([8*])O,7
[16*]c1ccc(N)cc1,7
[1*]C(=O)CN,7
[3*]O[C@H]1C[C@@H](O)[C@H](O[3*])[C@@H](C)O1,7
[8*]C(C)C(=O)O,7
[16*]c1c[nH]c(=O)c([16*])c1O,7
[4*]CCCCN[5*],7
[1*]C(=O)[C@H](O)C[8*],7
[1*]C(=O)[C@H](CC(N)=O)N[5*],7
[3*]OC(C)C,7
[9*]n1cnc2cnc(N)nc21,7
[5*]NC([8*])C(=O)O,7
[1*]C(=O)C(C)=O,7
[5*]N/C=C/C([7*])C,7
[7*]CCCCCCCCC[7*],7
[16*]c1c[nH]c2ccc(Cl)cc12,7
[3*]O[C@H]([8*])CC(=O)O,7
[7*]CCC(O)CC(O)CC(O)CC(O)C[7*],7
[5*]NC(N)=NC,7
[5*]NCCC(=N)N,7
[1*]C(=O)C(CC[4*])N[5*],7
[1*]C(=O)[C@H](CCCN(O)C(C)=O)N[5*],7
[5*]NC(C(=O)O)C(O)C(N)=O,7
[8*][C@H](O)CC(=O)O,7
[1*]C(=O)[C@H](CCCCN)N[5*],7
[5*]Nc1c(O)ccc([16*])c1O,7
[1*]C(=O)CC[8*],7
[5*]NC1CCCN(O)C1=O,7
[1*]C(=O)[C@@H](C[4*])N[5*],7
[3*]Oc1cc([16*])cc(O)c1[16*],7
[16*]c1cc([16*])c([16*])c(O)c1,7
[7*]Cc1cc(Br)c(O)c(Br)c1,6
[14*]c1ncccc1O,6
[3*]O[C@H]1C[C@@H]([15*])[C@@H](O)[C@H](C)O1,6
[3*]O[C@H]1[C@H]([15*])[C@@H](N)C[C@@H](N)[C@@H]1O,6
[15*][C@H]1[C@H]([15*])[C@@H](N)C[C@@H](N)[C@@H]1O,6
[3*]O[C@H]1[C@H]([15*])[C@@H](O)[C@H](N)C[C@@H]1N,6
[3*]O[C@@H]1[C@@H](O)[C@H](N)C[C@H](N)[C@H]1O[3*],6
[15*][C@H]1C(=C)CC[C@H]2C(C)(C)CCC[C@]12C,6
[8*]CCCNO,6
[3*]OC1OC([13*])C([15*])C(O)C1O,6
[8*]CCCN(O)C(C)=O,6
[4*]CCN[5*],6
[5*]NCC[7*],6
[1*]C(=O)C([4*])C,6
[1*]C(=O)C(N)C[8*],6
[5*]N[C@@H]1[C@@H](O)[C@H](O)[C@@H]([13*])O[C@H]1[13*],6
[3*]O[C@@H]1O[C@H]([13*])[C@@H](O)[C@H](O)[C@H]1N[5*],6
[3*]OC1C([15*])CC([13*])OC1C,6
[13*]C1CCC([15*])C(C)O1,6
[16*]c1c(O)c(Cl)c(C)c(C=O)c1O,6
[1*]C(=O)C[C@@H](O)CCCCCCC,6
[5*]NCCCCN[5*],6
[5*]N[C@@H](C)CO,6
[1*]C(=O)[C@H](N[5*])[C@H](C)CC,6
[5*]N1[C@H]([13*])C[C@@H]2CC[C@@H]([15*])C[C@@H]21,6
Cc1c(=O)c(=O)c2c3c[nH]c4c(C)c(=O)c(=O)c(c5c[nH]c1c52)c43,6
[5*]NC(C=O)CCCN=C(N)N,6
[7*]Cc1ccc(O)c(C)c1,6
[5*]N[C@H]1C=C(CO)[C@@H](O)[C@H](O)[C@H]1O,6
[15*][C@H]1C=C(CO)[C@@H](O)[C@H](O)[C@H]1O,6
[8*]C(O)C(C)C,6
[4*]C(C)C,6
[1*]C(=O)C([7*])[8*],6
[8*]C[C@@H]1NC(=O)N([10*])C1=O,6
[10*]N1C(=O)N[C@@H]([13*])C1=O,6
[1*]C(=O)[C@@H](N)CC(C)C,6
[1*]C(=O)C[C@H](O)CCCCCCCCC,6
[1*]C(=O)[C@@H](CCCN(O)N=O)N[5*],6
[5*]N[C@H](CCCN(O)N=O)C(=O)O,6
[7*]Cc1csc([14*])n1,6
[3*]OC1CC(C)(O)C(O)C(C)O1,6
[13*]C1CC(C)(O)C(O)C(C)O1,6
[8*][C@H](O)[C@H]([8*])O,6
[7*]C1C(=O)N[C@@H]([13*])C1=O,6
[7*]C/C=N/OC,6
[16*]c1ccc(O)c([N+](=O)[O-])c1,6
[8*]Cc1ccc(O)c([N+](=O)[O-])c1,6
[14*]c1cc([16*])cc(=O)o1,6
[3*]O[C@@H]1C[C@H](O)[C@@H]([15*])[C@H](C)O1,6
[13*][C@@H]1C[C@H](O)[C@@H]([15*])[C@H](C)O1,6
[1*]C(=O)/C=C/N[5*],6
[4*]C(CCCCC[7*])(CC(=O)O)C(=O)O,6
[13*][C@H]1C[C@@H](O)[C@H]([15*])[C@@H](C)O1,6
[4*][C@@H]([8*])N[5*],6
[13*][C@@H]1C[C@@H](O)C(C)(C)[C@@H]([13*])O1,6
[5*]NC([7*])C(=O)O,6
[5*]N/C=C1/CC(O)C([13*])O1,6
[7*]C(C)C([7*])O,6
[5*]NCCCC(=O)O,6
[13*][C@H]1CC[C@H](O)[C@@H](C)O1,6
[5*]N[C@H](CCCN(O)C=O)C(=O)N1NCCC[C@@H]1[13*],6
[5*]NCCC(=O)O,6
[8*]CCCC(C)C,6
[1*]C(=O)CC(O)(CC(=O)O)C(=O)O,6
[7*]CC(C)C(O)C(C)C(O)C[7*],6
[1*]C(=O)C(CCCN(O)C=O)N[5*],6
[8*]CCCC(=O)O,6
[1*]C(=O)CC(N)C(=O)O,6
[5*]NC1CC(=O)NC(C)C([13*])NC(=O)C([13*])NC1=O,6
[1*]C(=O)C(CCCN(O)C(C)=O)N[5*],6
[5*]N[C@H](C(=O)O)[C@@H](C)O,6
[1*]C(=O)[C@H](N[5*])[C@@H](O)C(C)C,6
[1*]C(=O)[C@H](C[4*])N[5*],6
[7*]C1COC([13*])C1[7*],6
[7*]CCCC[C@H](C)C[C@@H]([8*])C,6
[16*]c1ccc(Cl)cc1[16*],6
[16*]c1cc([16*])c2c(c1)OCO2,6
[13*][C@@H]1O[C@H]([13*])[C@H](O)[C@H](O)[C@H]1O,5
[8*]Cc1cc(O)cc(=O)o1,5
[5*]NCCCC[C@@H](CO)N[5*],5
[14*]c1nccs1,5
[8*]CCCCCCCCCCCCC(C)C,5
[3*]OC([8*])C,5
[13*]C1CCCCN1C,5
[5*]NC(C[8*])CC(C)C(=O)O,5
[3*]OC([8*])CC([4*])C(C)C,5
[5*]N[C@@H](C[8*])C[C@H](C)C(=O)O,5
[3*]O[C@@H]([8*])C[C@@H]([4*])C(C)C,5
[13*][C@H]1CCCCN1C,5
[3*]O[C@@H]1C[C@@H](O)[C@@H]([15*])[C@H](C)O1,5
[13*][C@@H]1C[C@@H](O)[C@@H]([15*])[C@H](C)O1,5
[3*]O[C@H]1[C@@H](O)[C@H]([13*])O[C@@H]1[13*],5
[3*]O[C@@H]1O[C@H]([13*])[C@@H]([15*])[C@H]1O,5
[3*]O[C@@H]1O[C@H]([13*])[C@@H](O[3*])[C@H]1O,5
[16*]c1cc2c(c3oc(=O)c4c(c13)CCC4=O)[C@@H]1C=CO[C@@H]1O2,5
[13*][C@@H]1CC[C@H]([13*])O1,5
[6*]C(=O)/C=C\O,5
[5*]N[C@@H]1CCCCN(O)C1=O,5
[4*][C@H]([8*])C,5
[7*]Cc1ccccc1C,5
[9*]n1cnc2c1NC=NC[C@H]2O,5
[3*]O[C@@H](C)[C@@H](O)C[7*],5
[4*]CC[4*],5
[5*]NCCN[5*],5
[1*]C(=O)C[C@H](O)CCCCCCCCCCC,5
[1*]C(=O)[C@@H](CCN)N[5*],5
[7*]C(C)C([7*])C,5
[7*]C(C)CCC(=O)O,5
[13*][C@H]1C[C@H](O)[C@H]([15*])[C@@H](C)O1,5
[1*]C(=O)CCCCCCCCC,5
[1*]C(=O)CCC(=O)N(O)CCCCCN,5
[1*]C(=O)CCC(=O)N(O)CCCCCN[5*],5
[5*]NCCCN(O)C(C)=O,5
[7*]CC(C)C(O)C([7*])C,5
[1*]C(=O)C(C)CC,5
[16*]c1cc([16*])c([16*])c(C)c1,5
[16*]c1cc([16*])c(Cl)c(C)c1[16*],5
[1*]C(=O)CC(O)CCCCCCCCCCCC[4*],5
[16*]c1c[nH]c2c([16*])cccc12,5
[8*]Cc1c[nH]c2c([16*])cccc12,5
[3*]O[C@@H]1CC[C@H]2C[C@@H]([13*])N([5*])[C@H]2C1,5
[14*]c1cc2c([nH]c3ccccc32)c([14*])n1,5
[1*]C(=O)[C@H](CCC(=O)O)N[5*],5
[13*]C1(C)CO1,5
[13*]C1([13*])CO1,5
[1*]C(=O)[C@@H](N)C(C)CC,5
[4*]C(C)C(=S)N[5*],5
[5*]NC(=S)C(N[5*])C(C)C,5
[7*]Cc1oc(=O)cc([16*])c1C,5
[13*]C1CC([15*])C(O)C(C)O1,5
[13*][C@H]1C[C@H]([15*])[C@H]([15*])[C@H](C)O1,5
[3*]O[C@@H]1[C@H](C)O[C@@H]([13*])C[C@@H]1[15*],5
[16*]c1cccnc1,5
[5*]Nc1ccccc1[16*],5
[1*]C(=O)CCCCCCCC[7*],5
[16*]c1cc(Br)cc(Br)c1O,5
[5*]N1C([13*])C2NC(=O)OC23CC([15*])CC1C3O,5
[3*]OC1CC2C(O)C3(C1)OC(=O)NC3C([13*])N2[5*],5
[13*][C@H]1C[C@H]([15*])[C@@H](O)[C@H](C)O1,5
[3*]OC1OC([13*])C(O)C([15*])C1O[3*],5
[3*]OC1OC([13*])C(O)C([15*])C1[15*],5
[3*]OC1C([13*])OC([13*])C(O)C1O[3*],5
[3*]OC1C([15*])C([13*])OC([13*])C1O,5
[3*]OC1OC([13*])C(O)C(O[3*])C1O[3*],5
[4*]CC1OC(O)C(O)C(O)C1O,5
[3*]OC1OC([13*])C(O)C(O[3*])C1[15*],5
[13*]C1OC([13*])C(O)C([15*])C1[15*],5
[3*]OC1OC([13*])C(O[3*])C(O)C1O,5
[13*]C1OC(O)C(O)C(O)C1O,5
[3*]OC1C([13*])OC([13*])C(O)C1[15*],5
[8*]C[C@H]1C(=C)CC[C@H]2C(C)(C)CCC[C@]12C,5
[13*]C1CO1,5
[5*]NCCCN([5*])[5*],5
[8*]C[C@H]([8*])C,5
[14*]c1[nH]c(Cl)c(Cl)c1[16*],5
[16*]c1c2nc3c([16*])ccc(C)c3oc-2c(C)c(=O)c1N,5
[8*]C[C@@H]1C[C@H]1[N+](=O)[O-],5
[15*][C@@H]1C[C@H]1[N+](=O)[O-],5
[1*]C(=O)C[4*],5
[5*]NC(C)C[7*],5
[5*]N1CC(C)CC1[13*],5
[5*]NC(C)(C)C=C,5
[7*]CCC(O)C(C)C(=O)CC(O)CC(O)CC(O)C[7*],5
[1*]C(=O)[C@@H]([4*])[C@H](C)CC,5
[3*]OC(C)(C)C=C,5
[10*]N1C(=O)CCC1([13*])O,5
[5*]Nc1cc([14*])n(C)c1,5
[7*]C[C@H](CC)CCC(=O)O,5
[10*]N1CCC(=O)NC1=O,5
[5*]N[C@@H]1CCCN(O)C1=O,5
[7*]C([8*])CO,5
[4*]CCN,5
[16*]c1cccc([16*])c1O,5
[3*]O[C@@H]1O[C@H](C)[C@H](O)[C@H](O)[C@H]1[15*],5
[3*]O[C@@H]1O[C@H](C)[C@H](O)[C@H](O)[C@H]1O[3*],5
[8*]CCCCCCCCCCC(C)CC,5
[7*]C(C)CO,5
[4*]CCCCCCCCCCCCCC,5
[3*]OC([8*])C(N)=O,5
[4*]C([8*])C(N)=O,5
[1*]C(=O)[C@H](C)[C@H](O)C(C)C,5
[5*]N/C=C\C[8*],5
[3*]O[C@H]1CC[C@H](O)[C@@H](C)O1,5
[1*]C(=O)[C@H]([4*])CC(C)C,5
[14*]c1oc([14*])c(C)c(=O)c1C,5
[3*]O[C@H]1[C@H](O)[C@@H](N[5*])[C@@H]2OC[C@H]1O2,5
[5*]N[C@H]1[C@@H]2OC[C@@H](O2)[C@@H]([15*])[C@@H]1O,5
[10*]N1C(=O)C(C)=C(O)[C@@H]1[13*],5
[8*]Cc1cc([16*])c(O)c([16*])c1,5
[5*]N[C@H]([8*])C(C)C,4
[3*]O[C@H]1O[C@H]([13*])[C@H](O[3*])[C@]([15*])(O)C1(O)O,4
[3*]O[C@H]1O[C@H]([13*])[C@H]([15*])[C@]([15*])(O)C1(O)O,4
[13*][C@H]1O[C@H]([13*])C(O)(O)[C@@]([15*])(O)[C@H]1[15*],4
[3*]OCCC,4
[3*]O[C@H]1[C@@H]([13*])O[C@H]([13*])C(O)(O)[C@@]1([15*])O,4
[3*]O[C@@H]1O[C@H]([13*])[C@H](O)[C@H](O)[C@H]1O,4
[4*]CCC,4
[1*]C(=O)[C@@H](N[5*])C(C)O,4
[7*]C[C@H](C)[C@@H](C)O,4
[7*]C(O)C(C)CC(C)CCCC,4
[7*]C1C(=O)NC([13*])C1=O,4
[14*]c1cnco1,4
[13*][C@@]1(O)NC(=O)[C@@]2([13*])O[C@@H]12,4
[13*][C@@]1(O)NC(=O)[C@@]2([15*])O[C@@H]12,4
[14*]c1nc2c([16*])cccc2o1,4
[7*]Cc1coc(C[8*])n1,4
[1*]C(=O)[C@@H](N[5*])[C@H]([8*])C,4
[8*]CCCCCCCCCCCCC(C)CC,4
[8*]CCCCCCCCCCCCCC(C)C,4
[7*]CCCC(C)CCCC([7*])C,4
[8*]C([8*])CC,4
[7*]C1N=C(c2ccc[nH]2)C=C1OC,4
[8*][C@H](O)C(N)=O,4
[8*][C@H](C)CCCCCC,4
[13*][C@H]1N=C(c2ccccc2O)O[C@@H]1C,4
[4*]C([8*])C,4
[7*]CC(C)C[7*],4
[5*]N[C@@H](CCCN(O)C(C)=O)C(=O)O,4
[5*]NC(=S)C1CCCN1[5*],4
[1*]C(=O)CCCCC(C)CC,4
[1*]C(=O)CCCCC(C)C,4
[13*][C@H]1COC(c2ccccc2O)=N1,4
[16*]c1c([16*])c(O)c2c(c1C)COC2=O,4
[8*]C[C@@H]1NC(=O)[C@H](C[8*])NC1=O,4
[8*]C[C@@H]1NC(=O)[C@H]([13*])NC1=O,4
[3*]OC1CC(O)C([15*])C(C)O1,4
[3*]OC1C(O)CC([13*])OC1C,4
[3*]OC1CCC([15*])C(C)O1,4
[3*]OC1CCC([13*])OC1C,4
[3*]OC1C(C)OC([13*])CC1(C)O,4
[3*]OC1CC(C)(O)C(O[3*])C(C)O1,4
[13*][C@H]1C[C@H]2C[C@H]([15*])[C@H](C)[C@H]3CN=C(N1)N23,4
[14*]c1cc(=O)[nH]c(=O)[nH]1,4
[16*]c1c(O)cc(C)c(C=O)c1O,4
[1*]C(=O)C([7*])OC,4
[16*]c1cc([16*])c2c([16*])cc([16*])cc2c1,4
[5*]N[C@@H](CC(CO)CO)C(=O)O,4
[5*]NCCCCCN(O)C(C)=O,4
[8*]CC1C(C)(C)[C@@H](Cl)CC[C@]1(C)O,4
[15*]C1C(C)(C)[C@@H](Cl)CC[C@]1(C)O,4
[8*][C@H](O)CC(N)=O,4
[3*]O[C@H]1[C@@H]([15*])[C@@H](C)O[C@@H]([13*])[C@@H]1O,4
[13*][C@@H]1O[C@H](C)[C@H]([15*])[C@H]([15*])[C@H]1O,4
[7*]CC=C,4
[8*]C[C@H](C)O,4
[3*]O[C@H]1O[C@H]([13*])[C@@H](O)[C@H](O[3*])[C@@H]1O,4
[3*]OC1[C@H](O)[C@@H]([13*])O[C@H]([13*])[C@H]1O,4
[13*]C1CSC(C2CSC([13*])N2C)N1C,4
[3*]O[C@H]1O[C@H]([13*])[C@@H](O)C[C@H]1N,4
[13*][C@H]1O[C@H]([13*])[C@@H](O)C[C@H]1N,4
[16*]c1cc(O)c([16*])c(C)c1Cl,4
[7*]CC(C)=O,4
[4*]CCO,4
[8*]CCl,4
[3*]O[C@H]1C[C@](C)(O)[C@H](O)[C@@H](C)O1,4
[13*][C@H]1C[C@](C)(O)[C@H](O)[C@@H](C)O1,4
[3*]O[C@H]1C[C@@H]([15*])[C@@H](O)[C@@H](C)O1,4
[3*]O[C@@H]1C[C@H]([13*])O[C@H](C)[C@@H]1O,4
[13*][C@H]1C[C@@H]([15*])[C@@H](O)[C@@H](C)O1,4
[4*][C@@H]([8*])C(=O)[C@@H](O)[C@@H](C)O,4
[3*]O[C@H]1C[C@@H](O[3*])[C@@H](O)[C@@H](C)O1,4
[5*]Nc1ccc([16*])c(O)c1[16*],4
[5*]N[C@@H](C)C([6*])=O,4
[8*]CCCN(O)N=O,4
[4*]CCC([4*])C(=S)N[5*],4
[3*]O[C@H]1C[C@H](O)[C@H](O[3*])[C@H](C)O1,4
[3*]O[C@@H]1[C@H](C)O[C@@H]([13*])C[C@@H]1O,4
[3*]O[C@H]1C[C@H](O)[C@H]([15*])[C@H](C)O1,4
[13*][C@H]1C[C@H](O)[C@H]([15*])[C@H](C)O1,4
[7*]Cc1csc(C)n1,4
[7*]C[C@@H]([8*])C,4
[6*]C(=O)CC[8*],4
[1*]C(=O)C(C)(C)C=C,4
[14*]c1cc2c([16*])cccc2[nH]1,4
[14*]c1cc(Cl)c(Cl)[nH]1,4
[5*]N[C@]1(C)O[C@@]2(O)[C@@H]3CCCN3C(=O)[C@H]([13*])N2C1=O,4
[3*]O[C@@H]1O[C@H]([13*])[C@@H](O[3*])[C@H](O)[C@H]1O,4
[3*]O[C@H]1[C@H](O)[C@@H](O)[C@H]([13*])O[C@@H]1[13*],4
[1*]C(=O)C[C@@H](N)CCCN[5*],4
[5*]N[C@@H]1C[C@H](C)[C@H]([13*])O[C@@H]1C,4
[3*]O[C@@H](C)C[7*],4
[5*]N[C@@H](C(=O)O)[C@@H]([8*])O,4
[16*]c1cccc2nc3c([16*])cccc3nc12,4
[7*]CC([7*])CC,4
[5*]NC([8*])CC(C)C,4
[13*]C1Cc2cccc(O)c2C(=O)O1,4
[1*]C(=O)C([8*])O,4
[3*]Oc1cc(C)c([16*])c(O)c1,4
[5*]N[C@@H]1[C@@H](O)[C@H](O)[C@@H]([13*])O[C@@H]1[13*],4
[3*]O[C@H]1O[C@H]([13*])[C@@H](O)[C@H](O)[C@H]1N[5*],4
[7*]C(C)CC,4
[1*]C(=O)CC(O)C[7*],4
[13*][C@@H]1O[C@@H]([13*])[C@H](O)[C@@H](O)[C@@H]1[15*],4
[3*]O[C@@H]1O[C@@H]([13*])[C@H](O)[C@@H](O)[C@@H]1[15*],4
[7*]C(C)OC,4
[3*]O[C@H]1C[C@H]([15*])[C@@H](O)[C@H](C)O1,4
[13*][C@H]1C[C@H]([15*])[C@@H]([15*])[C@H](C)O1,4
[3*]O[C@H]1C[C@H]([15*])[C@@H]([15*])[C@H](C)O1,4
[8*]CCCCCCC(C)C,4
C=CCCCCCCCCCCCCCCC,4
[1*]C(=O)[C@@H](O)[C@@H](O)[C@@H]([4*])C[4*],4
[4*][C@H]([8*])C[C@H](O)[C@H](C)[C@H](O)[C@H](C)C[7*],4
[5*]NCC[C@@H]([8*])C,4
[8*]CCCCCCCCCCCCC,4
[3*]O[C@@H]1O[C@@H](C)[C@H](O[3*])[C@@H](O)[C@H]1O,4
[13*][C@@H]1O[C@@H](C)[C@H]([15*])[C@@H](O)[C@H]1O,4
[3*]O[C@@H]1[C@@H](O)[C@@H](O)[C@H]([13*])O[C@H]1C,4
[3*]O[C@@H]1O[C@@H](C)[C@H]([15*])[C@@H](O)[C@H]1O,4
[5*]NC(C)C(=O)O,4
[8*][C@H](O)CCCCC,4
[9*]n1c([14*])cc(Cl)c1Cl,4
[14*]c1ccc(Cl)n1O,4
[7*]CCCCC([8*])C,4
[5*]N[C@@H](CC(N)=O)C(=O)O,4
[13*]C1OC(C)C(O)C(N)C1O,4
[3*]OC1OC(C)C(O)C(N)C1O,4
[13*][C@@H]1OC(=O)[C@H]1[15*],4
[5*]Nc1c2sscc-2[nH]c1=O,4
[3*]O[C@@H]([8*])C,4
[1*]C(=O)C[C@@H]([4*])[C@@H]([4*])[C@@H](C)CC,4
[13*][C@@H]1CCCN1,4
[14*]c1c[n+](C)cn1C,4
[8*]Cc1cnc[nH]1,4
[7*]CCC(O)C[8*],4
[3*]O[C@@H]1O[C@H](C)[C@@H](O)[C@H]([15*])[C@H]1O,4
[13*][C@@H]1O[C@H](C)[C@@H](O)[C@H]([15*])[C@H]1O,4
[8*]CCCCC(C)C,4
[3*]OC1OC(C)C(O)C(O)C1O,4
[8*]C[C@@H]1NC(=O)[C@@H]2CCCN2C1=O,4
[13*][C@@H]1NC(=O)[C@@H]2CCCN2C1=O,4
Oc1cc(O)c2c(O)cc(O)cc2c1,4
[5*]N/C=C1\CC(O)C([13*])O1,4
[5*]NC1COC(=O)C(N[5*])COC(=O)C(N[5*])COC(=O)C(N[5*])COC1=O,4
[7*]C(C)C[C@@H]([8*])C,4
[4*][C@@H](CC(C)C)[C@H](C)[C@H](O)[C@@H](C)[C@H](O)C[8*],4
[3*]O[C@@H](CC(C)C)[C@H](C)[C@H](O)[C@@H](C)[C@H](O)C[8*],4
[16*]c1c[nH]c2cccc([N+](=O)[O-])c12,4
[8*]Cc1c[nH]c2cccc([N+](=O)[O-])c12,4
[1*]C(=O)CC(N)CCCCCCCCl,4
[1*]C(=O)CC(N)CCCCCCC,4
[1*]C(=O)CC(N)CCCCCCC(Cl)Cl,4
[13*][C@H]1CC[C@@H](O)[C@@H](C)O1,4
[3*]O[C@H]1CC[C@@H](O)[C@@H](C)O1,4
[1*]C(=O)CCC(=O)O,4
[14*]c1cc([14*])on1,4
[7*]CCCCC(=O)O,4
[8*]CCCCCC(Cl)CCCCCCCCC,4
[5*]NCCC(O)CCCCCCCC(N)CCCCCCCC(N)CCCCCCCC(N)CCCCCCCC(N)CCCCC,4
[7*]CC=NOC,4
[5*]NC=CC[8*],4
[3*]O[P@]1(=O)OC[C@@H]2COC(=O)C2=C(CCC)O1,4
[4*]CCCCCCCCCCCCC,4
[13*][C@@H]1O[C@H]([13*])[C@H]([15*])[C@H](O)[C@H]1O,4
[7*]CCCC(=C)CCCC([7*])C,4
[13*][C@@H]1O[C@@H](C)[C@H](O)[C@@H](O)[C@H]1O,4
[3*]O[C@@H]1O[C@@H](C)[C@H](O)[C@@H](O)[C@H]1O,4
[1*]C(=O)C1=CC(O)C(O)C([13*])O1,4
[1*]C(=O)C1=CC(O)C(O)C(O[3*])O1,4
[5*]NC(CCCN(O)C(C)=O)C(=O)O,4
[14*]c1[nH]c(Br)c(Br)c1Br,4
[5*]N[C@H](CCCN=C(N)N)C(=O)N(O)CCC[8*],4
[3*]OC[C@H](N[5*])C(=O)O,4
[5*]N[C@@H](CS[11*])C(=O)O,4
[8*]Cc1ccoc1,4
[16*]c1ccoc1,4
[1*]C(=O)[C@H]([4*])C(C)C,4
[3*]Oc1cc([16*])c([16*])c(O)c1C,4
[5*]NC(C=O)C[8*],4
[7*]C1C(=O)[C@@H]2CCCN2C1=O,4
[8*][C@H](O)C(=O)O,4
[1*]C(=O)[C@@H](CCCN(O)C=O)N[5*],4
[3*]O[C@@H]1O[C@H]([13*])[C@@H]([15*])[C@H](O)[C@H]1N[5*],4
[3*]O[C@@H]1O[C@H]([13*])[C@@H](O[3*])[C@H](O)[C@H]1N[5*],4
[3*]O[C@H]1[C@H](O)[C@@H](N[5*])[C@H]([13*])O[C@@H]1[13*],4
[5*]N[C@@H]1[C@@H](O)[C@H]([15*])[C@@H]([13*])O[C@H]1[13*],4
[6*]C(=O)CC(O)C(C)CC([8*])C,4
[1*]C(=O)CCCCCCCCCCCC(C)C,4
[4*]CCCCN,4
[1*]C(=O)C[C@@H](O)C[C@@H](O)[C@H](CO)N[5*],4
[7*]C[C@H]1O[C@H]1[13*],4
[7*]Cc1cnc[nH]1,4
[16*]c1c(O)cc(O)c2c(O)c3c(cc12)OC(C)CC3=O,4
[14*]c1nc([14*])c(C)c(N)n1,4
[1*]C(=O)[C@@H](N[5*])[C@@H](O)C(N)=O,4
[5*]NCCC(O)CCCCCCCC(N)CCCCCCCC(N)CCCCCCCC(N)CCCCCCCC(C)N,4
[1*]C(=O)C(=O)CC,4
[8*]CCC(C)C,4
[5*]N1CCC[C@H]1[C@H]1NC([13*])CS1,4
[6*]C(=O)[C@@H](C)CC,4
[3*]OC1C([13*])OC([13*])C1[15*],4
[9*]n1cc(C#N)c2c(N)ncnc21,3
[5*]N[C@@H]([8*])C(=O)O,3
[3*]O[C@H]1CC(C)=CC=C2C(CC)=CC(=O)[C@]21C,3
[16*]c1ccc2c(c1O)C(O)C13OC1(C2=O)C1(O)C(=O)C=C(C)CC1(O)CC3O,3
[14*]c1cnc2ccccc2n1,3
[8*]Cc1c[nH]c2cc(Cl)ccc12,3
[16*]c1c[nH]c2cc(Cl)ccc12,3
[1*]C(=O)C[C@H](N)C(=O)O,3
O=[N+]([O-])c1c[nH]c(Cl)c1Cl,3
[9*]n1cnc2c([14*])ncnc21,3
[5*]N[C@H]1[C@@H](O)[C@H]([13*])O[C@@H]1[13*],3
[1*]C(=O)C[C@H](CC(=O)O)C(=O)O,3
[14*]c1n[nH]c([14*])c1O,3
[7*]C1O[C@@H]2CC(=O)N2[C@H]1[13*],3
[5*]NCCCCC(CN)N[5*],3
[13*]C1(O)O[C@@H](C)C[C@@H]([15*])[C@@H]1C,3
[8*]CC1(O)O[C@@H](C)C[C@@H]([15*])[C@@H]1C,3
[5*]N[C@@H](CCCCN(O)C(C)=O)C(=O)O,3
[1*]C(=O)[C@@]([8*])(C)O,3
[1*]C(=O)C(=O)C(C)CC,3
[7*]CCC([7*])C,3
[5*]NC(C(=O)O)C(C)C,3
[15*][C@@H]1[C@H]([15*])C(C)=C[C@]2(C)C[C@H](C)CC[C@@H]12,3
[16*]c1cc2c(c3oc(=O)c4c(c13)CCOC4=O)[C@H]1C=CO[C@H]1O2,3
[4*][C@H](C[8*])CCC,3
[13*]C1OC([13*])C(O)C1O,3
[3*]OC1OC([13*])C(O)C1O,3
[1*]C(=O)[C@H](CCCCN(O)C=O)N[5*],3
[1*]C(=O)[C@H](CO[3*])N[5*],3
[13*][C@H]1CC=C(C)[C@@H]([13*])O1,3
[14*]c1[nH]nc2c(N)ncnc12,3
[16*]c1cccc2nc3c([16*])ccc([16*])c3nc12,3
[1*]C(=O)[C@@H](CCCN(O)C(C)=O)N[5*],3
[3*]O[C@@H]1O[C@H](C)[C@H]([15*])[C@H](O)[C@H]1[15*],3
[4*][C@@H](C)[C@@H](O)C[7*],3
[13*][C@@H]1O[C@H](C)[C@H]([15*])[C@H](O)[C@H]1[15*],3
[7*]CC(=O)[C@@H](C)[C@@H](O)[C@@H]([8*])C,3
[5*]NC(CC(=O)O)C(=O)O,3
[4*]CC(O)CC(N[5*])C(=O)O,3
[4*]CC(O)CC([4*])C(=O)O,3
[4*]C(CC(=O)O)C(=O)O,3
[5*]N[C@H](CO)[C@@H]([8*])O,3
[8*]CC(C)O,3
[5*]N[C@@H]1C(=O)N2[C@@H]1SC(C)(C)[C@@H]2[13*],3
[16*]c1cc(C)c(O)c(C)c1O,3
[9*]n1c2c(Cl)cccc2c2c3c(c4c5cccc(Cl)c5[nH]c4c21)C(=O)NC3=O,3
[14*]c1nc2c(=O)[nH]c(N)nc2[nH]1,3
[3*]OC1CC(O)C(O[3*])C(C)O1,3
[3*]OC1CCC(=O)C(C)O1,3
[13*]C1CCC(=O)C(C)O1,3
[7*]CCC(C)C,3
[8*]C(C)C(O)C([8*])C,3
[3*]OC1CC([13*])(O)OC([13*])C1C,3
[3*]O[C@H]1C[C@H](O)[C@H]([15*])[C@@H](C)O1,3
[7*]CC(C)C[8*],3
[3*]Oc1cc([16*])cc2cc([16*])cc([16*])c12,3
[7*]C1CC[C@H]([13*])O1,3
[14*]c1ccc(C)c(=O)o1,3
[5*]NC([8*])C,3
[8*]Cc1c([14*])oc(C)c([16*])c1=O,3
[14*]c1oc(C)c([16*])c(=O)c1[16*],3
[6*]C(=O)/C=C/OC,3
[5*]Nc1cc([16*])ccc1O,3
[1*]C(=O)[C@@H](N[5*])[C@H](C)O,3
[1*]C(=O)C([7*])N([5*])C,3
[3*]O[C@@H]1O[C@H](C)[C@H]([15*])[C@H]([15*])[C@H]1O,3
[3*]O[C@@H]1O[C@H](C[4*])[C@@H](O[3*])[C@H](O)[C@@H]1[15*],3
[3*]O[C@H]1[C@H](O)[C@H]([15*])[C@H]([13*])O[C@@H]1C[4*],3
[16*]c1c([16*])c(Cl)c(O)c(Cl)c1C,3
[3*]O[C@@H]1O[C@H](C)[C@H]([15*])[C@H](O[3*])[C@H]1O,3
[3*]O[C@@H]1O[C@H](C[4*])[C@@H]([15*])[C@H](O)[C@@H]1[15*],3
[4*]C[C@H]1O[C@@H]([13*])[C@@H]([15*])[C@@H](O)[C@@H]1[15*],3
[5*]N(C)C(=N)N,3
[7*]C[C@@H](O)[C@@H](C)C(=O)O,3
[14*]c1ccc(C)[nH]1,3
[13*]C1CCC(C)C([13*])O1,3
[13*][C@@H]1C[C@@H](O)CC(=O)O1,3
[3*]O[C@H]1C[C@@H](C)C=C2C=C[C@H](C)[C@H]([15*])[C@H]21,3
[5*]NC(CCS)C(=O)O,3
[5*]NC1CCSC1=O,3
[1*]C(=O)C(C)CCC,3
C[C@@]1(O)CC(=O)c2c(cc(O)c3c2C(=O)c2cccc(O)c2C3=O)C1,3
[16*]c1cc(C)c([16*])c(O)c1,3
[3*]O[C@@H]1O[C@H]([13*])[C@@H]([15*])[C@H](O)[C@H]1O,3
[1*]C(=O)[C@@H](C)[C@@H](O)C(C)C,3
[1*]C(=O)C(C)=NNc1ccc(O)cc1[16*],3
[3*]O[C@H]1OC[C@@H](O)[C@H](O)[C@H]1O,3
[13*][C@H]1OC[C@@H](O)[C@H](O)[C@H]1O,3
[15*][C@@H]1Cc2cc3cc([16*])c(C)c(O)c3c(O)c2C(=O)[C@H]1[15*],3
[3*]O[C@@H]1C(=O)c2c(cc3cc([16*])c(C)c(O)c3c2O)C[C@H]1[15*],3
[13*][C@@H]1O[C@@H](C)[C@H](O)[C@@](C)(O)[C@H]1[15*],3
[3*]O[C@H]1C[C@H](O)[C@H](O)[C@H](C)O1,3
[13*][C@H]1C[C@H](O)[C@H](O)[C@H](C)O1,3
[6*]C(=O)CC(C)C,3
[1*]C(=O)[C@@H]([8*])C,3
[8*]CCCCCCCCCCCC,3
[3*]Oc1cc([16*])c([16*])c(O)c1[16*],3
[16*]c1cc([16*])c([16*])c(O)c1[16*],3
[8*][C@@H](O)C(C)C,3
[3*]Oc1c(N[5*])ccc([16*])c1O,3
[1*]C(=O)CCCCCC(C)C,3
[16*]c1ccc(C)c(O)c1[16*],3
[8*]C(O)CO,3
[1*]C(=O)CO,3
[4*][C@@H](CC=C)CCC([7*])C,3
[5*]NCCC([7*])OC,3
[10*]N1C(=O)C=CC1C,3
[1*]C(=O)C(CCCCN[5*])N[5*],3
[13*][C@@H]1O[C@H]([13*])[C@@H](O)[C@@H]1O,3
[7*]Cc1ccc([16*])c(O)c1,3
[16*]c1cc(Cl)cc(Cl)c1O,3
[4*][C@@H](C[7*])[C@@H](C)C([7*])OC,3
[16*]c1cccc(O)c1[16*],3
[16*]c1cc(O)cc(O)c1[16*],3
[3*]O[C@H]1O[C@H](C)[C@@H]([15*])[C@H](O)[C@H]1O,3
[3*]O[C@H]1O[C@H]([13*])[C@@H]([15*])[C@H](O)[C@H]1O,3
[3*]O[C@H]1O[C@H]([13*])[C@@H](O[3*])[C@H](O)[C@H]1O,3
[13*][C@H]1O[C@H](C)[C@@H]([15*])[C@H](O)[C@H]1O,3
[3*]OCCN[5*],3
[13*][C@@H]1SC[C@@H]2NC(=O)N[C@@H]21,3
[5*]NC(=C)C(=O)O,3
[16*]c1cc(C)cc(O)c1[16*],3
[16*]c1c(O)cccc1O,3
[5*]NC1COC(=O)C(N[5*])COC(=O)C(N[5*])COC1=O,3
[7*]CC[C@@H](C)O,3
[1*]C(=O)[C@@H](N)CCC[4*],3
[16*]c1cc(/C=c2\[nH]/c(=C3/C=CC=N3)cc2[16*])[nH]c1C,3
[7*]CCC(=O)O,3
[7*]C[C@H](C)CCC(=CCl)CCCC#C,3
[7*]C[C@H](C)CCC(=CCl)CCCC#CBr,3
[4*][C@H](C(N)=O)C(C)C,3
[5*]N[C@@H](C[8*])C(O)O,3
[7*]C1C(=O)Nc2ccccc21,3
[7*]C1C=C(c2c[nH]c3ccc(O)cc23)NC1=O,3
[1*]C(=O)C(O)C([8*])O,3
[7*]Cc1cc(O)cc(=O)o1,3
[7*]CCC[C@H]([8*])C,3
[5*]NC1Cc2cc(O)c(O)cc2[N+](C)(C)C1,3
[9*]n1ccc(N)nc1=O,3
[5*]N[C@@H]1[C@@H](O)[C@@H](O)[C@@H]([13*])O[C@H]1[13*],3
[8*]C[C@H]([8*])O,3
[8*][C@@H](C)C(O)[C@@H]([8*])C,3
[C]=NC1C2c3c([nH]c4ccccc34)C(C)(C)C2CC(Cl)C1(C)C=C,3
[5*]N1CCc2c1c(O)c([16*])c1[nH]c([14*])cc21,3
[8*]CC(=O)CCCCCCCCCCCCCCC,3
[13*][C@@H]1O[C@@H](C)[C@](O)(C=O)[C@H]1[15*],3
[3*]O[C@@H]1O[C@@H](C)[C@](O)(C=O)[C@H]1O[3*],3
[3*]O[C@H]1[C@H]([13*])O[C@@H](C)[C@]1(O)C=O,3
[3*]O[C@@H]1O[C@@H](C)[C@](O)(C=O)[C@H]1[15*],3
[13*][C@H]1CO1,3
[8*]C([8*])(C)C,3
[6*]C(=O)C([6*])=O,3
[3*]OC1CC([15*])C(O)C(C)O1,3
[16*]c1cccc2c1CCCN2,3
[8*]CCCCCCCCC,3
[7*]CC[C@@H](O)C[C@H](O)C[7*],3
[4*]C(CC[7*])C(C)C(=O)C[C@H](O)C[C@H](O)C[7*],3
[3*]O[C@H]1C[C@]([4*])(C)[C@@H](O)[C@H](C)O1,3
[3*]O[C@H]1C[C@]([15*])(C)[C@@H](O)[C@H](C)O1,3
[13*][C@H]1C[C@]([15*])(C)[C@@H](O)[C@H](C)O1,3
[4*][C@]1(C)C[C@H]([13*])O[C@@H](C)[C@@H]1O,3
[3*]Oc1ccc(C=C)cc1,3
[7*]C1C(=O)CNC1=O,3
[5*]N[C@@H](CC(=C)C)C([6*])=O,3
[3*]OC(C)C(=O)O,3
[3*]O[C@H]1C=CC(=O)[C@H](C)O1,3
[13*][C@H]1C=CC(=O)[C@H](C)O1,3
[4*]C[C@@H]([4*])C[8*],3
[4*]C(C[7*])C(C)C([7*])OC,3
[7*]C(C)CC([8*])C,3
[7*]CCCCCCCC[8*],3
[16*]c1cc(Cl)c(C)c2c1NC(=O)c1cc(Cl)ccc1O2,3
[16*]c1cc2c(c3oc(=O)c4c(c13)CCC4=O)[C@@H]1CCO[C@@H]1O2,3
[1*]C(=O)CC(C)(O)CC(=O)O,3
[7*]CCCCCCCC(O)CCCCCC,3
[13*][C@H]1N=C(c2cccc(O)c2O)O[C@@H]1C,3
[7*]C(C)O,3
O[C@H]1[C@H]2[C@H](O)CCCN2C[C@H]1O,3
[16*]c1ccc2c(c1[16*])C(=O)OCc1cc(C)cc(O)c1O2,3
[16*]c1cc([16*])c2c(c1)OC(=C)C(=O)N2,3
[1*]C(=O)C([4*])C(C)C,3
[7*]CCCCCCCCCC,3
[8*]CS[11*],3
[3*]OCC,3
[15*][C@H]1C(=O)N[C@@]2([15*])C(=O)O[C@@]12C,3
[13*][C@@]12NC(=O)[C@H]([15*])[C@]1(C)OC2=O,3
[15*][C@@H]1C=CCCC1,3
[13*][C@]1(C)CO1,3
[3*]OC(C)C[7*],3
[5*]NC1CC(C)C([13*])OC1C,3
[8*][C@@H](CC)CO,3
[3*]O[C@H]1C[C@@H](O)[C@H]([15*])[C@@H](C)O1,3
[13*][C@@H]1O[C@@H](C)[C@H](O)[C@@H](O)[C@H]1[15*],3
[1*]C(=O)[C@H](C)[C@@H]([4*])[8*],3
[5*]N[C@H]([8*])C[8*],3
[1*]C(=O)[C@@H]([4*])C,3
[3*]OP(=O)([O-])[O-],3
[13*][C@@H]1C[C@@H]([15*])[C@@H](O)[C@H](C)O1,3
[3*]O[C@@H]1[C@H](O)C[C@@H]([13*])O[C@H]1C,3
[3*]O[C@@H]1C[C@@H](O[3*])[C@@H](O)[C@H](C)O1,3
[3*]O[C@@H]1C[C@@H](O)[C@@H](O[3*])[C@H](C)O1,3
[3*]O[C@@H]1C[C@@H]([13*])O[C@@H](C)[C@@H]1O,3
[3*]O[C@@H]1C[C@@H]([15*])[C@@H](O)[C@H](C)O1,3
[7*]CC(C)C(O)C[7*],3
[13*]C1CCC(N)=N1,3
[1*]C(=O)CCCCCC[7*],3
[7*]Cc1ccccc1[16*],3
[7*]CCC(O)CC(O)CCCN,3
[1*]C(=O)CC(O)CCCCCCCCCCC,3
[1*]C(=O)C[C@@H](O)C1=C(C)C(=O)OC1=O,3
[5*]NC(=S)C(C)N[5*],3
[3*]O[C@@H](C[7*])[C@H](C)O,3
[7*]C[C@@H](C)C(=O)[C@@H](C)[C@H](O)[C@H](C)CC,3
[8*][C@@H](C)C(=O)O,3
[13*][C@@H]1O[C@@H]([13*])CC[C@@H]1C,3
[7*]C1C(=O)N[C@@H](C)C1=O,3
[8*]CC(O)CO,3
[8*]C[C@@]1(O)C(=O)N(C)[C@@H]([13*])C(=O)N1C,3
[8*]Cc1cccc(O)c1,3
[8*]C[C@H]1C(=O)N(C)[C@@](O)(C[8*])C(=O)N1C,3
[13*][C@H]1C(=O)N(C)[C@]([13*])(O)C(=O)N1C,3
[8*]C[C@H]1C(=O)N(C)[C@]([13*])(O)C(=O)N1C,3
