C(=O)(C(C(F)(F)F)(C(F)(F)F)F)C(C(F)(F)F)(C(F)(F)F)F,
[NH4+].[NH4+].[O-]S(=O)(=O)[O-],
C1=C(SC(=N1)Br)[N+](=O)[O-],
COC1=C(N=CC=C1)[N+](=O)[O-],
CC[N+](CC)(CC)CCOC1=C(C(=CC=C1)OCC[N+](CC)(CC)CC)OCC[N+](CC)(CC)CC.[I-].[I-].[I-],
CC(C1=CC=C(C=C1)O)(C(=O)[O-])O,
CCCCCCCCCl,
C1=CC(=C(C=C1Br)Cl)S(=O)(=O)Cl,
CCOC(=O)CCCCCCCCCCCCC(=O)OCC,
C1=CC(=C(C=C1O)O)SC2=C(C=C(C=C2)O)O,
C(CCS(C(=O)O)N)CN,
CCOC(=O)C(CCC1=CC=CC=C1)NC(C)C(=O)N2C3CCCC3CC2C(=O)O,
CCC1C(C2C(O2)(C=CC(=O)C(CC(C(C(C(CC(=O)O1)O)C)OC3C(C(CC(O3)C)N(C)C)O)CC=O)C)C)C,
CN(C)CC=CCN(C)C,
CCCCCCCCCCCCCCCCCCC(=O)OC,
CC(=O)NC(CC1=CC(=C(C=C1)P(=O)(O)O)P(=O)(O)O)C(=O)NC2CCCCN(C2=O)CC3=CC=C(C=C3)C4=CC=CC=C4,
CCN(CC)CC(=O)NC1=C(C=CC=C1C)C,
CC(C)C(CCCNCCC1=CC(=C(C=C1)OC)OC)(C#N)C2=CC(=C(C=C2)OC)OC.Cl,
C1=CC(=CC(=C1)S)O,
C([N+](=O)[O-])(Br)(Br)Br,
OCC(O)C(O)C(O)C(O)COP(O)(O)=O,
CCCC(=CC)C,
CC(=O)N1CCC(CC1)C(=O)O,
CC1=CC(=C(C=C1)C)C(=O)O,
C(C(C(=O)[O-])O)S(=O)(=O)O,
COC1=C(C=C2C(=C1)C34CCN5C3CC6C7C4N2C(=O)CC7OCC=C6C5)OC.O,
CSC1=CC=C(C=C1)C2=NC(=CC=C2)C=O,
C([C@@H]1[C@H]([C@@H]([C@H]([C@@H](O1)OP(=O)(O)O)O)O)O)OP(=O)(O)O,
C1=CC=C2C(=C1)C=C3C=CC=CC3=N2,
CC1(C(N2C(S1)C(C2=O)NC(=O)C(C3=CC=CC=C3)C(=O)O)C(=O)O)C,
CC(C)(C1CCCCC1O)C2=CC=CC=C2,
C1=CC=C(C(=C1)CC#N)N,
CC1CCC(C(C1)OC(=O)C)C(C)C,
CC1=CC(Br)=C([O-])C(=C1)C1NC2CCC(CC2N1)C(N)=[NH2+],
Br[W](Br)(Br)(Br)(Br)Br,
C[N+](C)(C)C.O.O.O.O.[F-],
CC(C)(C)C1=CC(=C(C=C1)O)[N+](=O)[O-]
CCCC(C)C(C)C(C)C,
C(#N)[S-].[NH4+],
CCOC(=O)C1=CC=CC=C1,
C1CCC2CCC2C1,
C1CCC(CC1)CCCC2CCCC2,
[Pd],
CC1=CC(=O)OC2=C1C=CC(=C2)OC,
C1C2(COCN2CO1)CO,
CC1(COC(OC1)CCOCC2=CC=CC=C2)C,
C=CCC=C,
O.[O-]S(=O)(=O)[O-].[Co+2],
C1=CC(=C(C(=C1)F)F)O,
CC1=NC=CN=C1CC(C)C,
CC(C)COC=O,
C1=CC=C2C(=C1)C(=O)NC3=CC=CC=C3O2,
C1CCCOCC1,
C1=CC(=CC=C1N)[As](=O)(O)[O-].[Na+],
CCCCCCCCCCCCCC(CC(CC)CC)CC(CC)CC,
C=CC2(C(C)=C4(C=C9(C(C)C(CCC(=O)OCC=C(C)CCCC(C)CCCC(C)CCC=C(C)C)C5(=[N+]([Mg--]36([N+]1(=C(C(CC)=C(C)C1=CC=2N34)C=C7(C(C)=C8(C(=O)[C-](C(OC)=O)C5=C(N67)8)))))9)))),
C1=CC(=CC(=C1)C(F)(F)F)C2=CC=C(O2)C=O,
C1=CC=C(C=C1)C(=O)OC2=CC3=CC=CC=C3C=C2,
C1CCC(C1)C2CCCC2,
CC(=CC(=O)C)O[Al](OC(=CC(=O)C)C)OC(=CC(=O)C)C,
CC(=O)NC1=C(C=C(C=C1)Br)C(=O)OC,
Br[SiH](Br)Br,
COC1(C=CC(=CC=1OC)C3(=COC2(=C(C=CC(O)=C2)C3=O))),
COC1=C(C=C(C=C1)[N+](=O)[O-])Br,
C(C(=O)O)OP(=O)(O)O,
C=CC(=O)OCC#C,
C1=CC=C2C(=C1)C(=C3C=CC=CC3=C2Br)Br,
C(C(C(C(C(C(F)(F)I)(F)F)(F)F)(F)F)(F)F)(C(C(C(C(F)(F)F)(F)F)(F)F)(F)F)(F)F,
C[NH+](C)C(CSC(=O)N)CSC(=O)N.[Cl-],
CC1C(C(C(C(O1)OCC2C(C(C(C(O2)OC3=C(OC4=CC(=CC(=C4C3=O)O)O)C5=CC(=C(C=C5)O)O)O)O)O)O)O)O,
CCSCC1=CC=CC=C1,
CC1=C(C=C(C=C1[N+](=O)[O-])[N+](=O)[O-])[N+](=O)[O-].C1(NC(NC(N1)[N+](=O)[O-])[N+](=O)[O-])[N+](=O)[O-].C1(NC(NC(N1)[N+](=O)[O-])[N+](=O)[O-])[N+](=O)[O-].C1(NC(NC(N1)[N+](=O)[O-])[N+](=O)[O-])[N+](=O)[O-],
CC(CC1=CC(=C(C=C1)O)O)N,
C1=CC(=CC=C1C(=O)NC(CCC(=O)O)C(=O)O)NCC2=CN=C3C(=N2)C(=O)N=C(N3)N.O.O,
C1=NC2=C(N=C1O)N=C(N)N=C2O,
B1(OC(C(O1)(C)C)(C)C)[C]2[CH][CH][CH][CH]2.B1(OC(C(O1)(C)C)(C)C)[C]2[CH][CH][CH][CH]2.[Fe],
CC(C)C1=CC(=CC(=C1)C(C)C)C(C)C,
CC(=CCCC(=CCCC(=CCCC(C)(C=C)O)C)C)C,
[CH3-].O=[Re](=O)=O,
CCOP(=O)(CC=CC)OCC,
COC1=C(N=CN=C1OC)NS(=O)(=O)C2=CC=C(C=C2)N,
CCCCC(C(=O)O)Br,
CC1CCCC(C1C)C,
C1CN(C(=O)N1)C(=O)Cl,
C1=CC(=C(C=C1I)F)Br,
C1=CC(=C(C=C1O)F)F,
B([O-])([O-])[O-].B([O-])([O-])[O-].B([O-])([O-])[O-].B([O-])([O-])[O-].B([O-])([O-])[O-].B([O-])([O-])[O-].[Ca+2].[Ca+2].[Ca+2].[Ca+2].[Ca+2].[Ca+2].[Ca+2].[Ca+2].[Ca+2].O.O.O.O.O,
CC1(CC(CC(N1)(C)C)NCCCCCCNC2CC(NC(C2)(C)C)(C)C)C,
CCCC=CC(=O)O,
C[N+](CCC([O-])=O)(C)C,
C1=CC=C(C=C1)C(C2=CC=CC=C2)(C(=O)O)O,
C(CO[N+](=O)[O-])OCCO[N+](=O)[O-],
O.O.[O-]S(=O)[O-].[Zn+2],
C1=CC(=CC=C1CC(C(=O)O)N)F.Cl,
CC(=O)N(C1=CC2=C(C=C1)C3=CC=CC=C3C2)O,
[O-][Mo](=O)(=O)[O-].[Zn+2],
[O-]S(=O)(=S)[O-].[Pb+2],
CCOC(=O)CBr,
CC1=CN=C(N=C1N)C,
C1=CC=C2C(=C1)C3=C(C=CC(C3O)O)C2=O,
C1=NC(=NN1C2C(C(C(O2)CO)O)O)C(=O)N,
CC(=O)OC1=CC=CC2=C1C(=O)C3=C(C=C(C=C3C2=O)C(=O)O)OC(=O)C,
[Na+].[Na+].[Na+].[O-]P(=S)([O-])[O-].O.O.O.O.O.O.O.O.O.O.O.O,
CC(C1CCCC1)O,
C1=CC=C(C=C1)CC(=O)C2=CC=C(C=C2)Br,
CCCCCCCCC=CCCCCCCCCCCCCCCC,
C([N+])CCC([N+])CC(=O)NC3(C([N+]=C2(NC1(C(C(=O)NCC(O)1)N2)))OC(CO)C(OC(=O)N)C(O)3),
C1=C(C(=CC(=C1[N+](=O)[O-])F)F)[N+](=O)[O-],
C(=[N+]1(C(C([O-])=O)CC2(C1=CC(=O)C(=O)C=2)))C=C3(C=C(C(=O)[O-])NC(C([O-])=O)C3),
F[Si-2](F)(F)(F)(F)F.[Zn+2],
CC1=C(C(=CC=C1)C)N(CCOC)C(=O)CCl,
[Mg],
CC1=CC=C(C=C1)S(=O)(=O)CNC(=O)OC(C)(C)C,
CCCCCCC=CCCCCCC,
C1=CC(=C(C=C1Cl)Br)O,
C1=CC(=C(C(=C1)Cl)C(Cl)Cl)F,
C1=CC(=NC(=C1)Br)C(F)(F)F,
CC1=C2C(=CC3=CC=CC=C13)C=CC4=CC=CC=C42,
C1=C(C=C(C=C1Cl)Cl)C#N,
CC1=CC=C(C=C1)P(C2=CC=C(C=C2)C)C3=C(C4=CC=CC=C4C=C3)C5=C(C=CC6=CC=CC=C65)P(C7=CC=C(C=C7)C)C8=CC=C(C=C8)C,
C1=C(C(=CC(=C1Cl)[N+](=O)[O-])O)N,
C1=CC=C2C(=C1)C3=C4C(=CC=C5C4=C(C=C3)C(=O)C6=CC=CC=C65)C2=O,
C1=CC=C(C(=C1)CO)S,
CC1=C(C=CC=C1OCCCCC(=O)O)NC(=O)NC(=O)C2=C(C=C(C=C2)Cl)Cl,
C1C(C(OC1N2C=CC(=NC2=O)N)COP(=O)(O)OP(=O)(O)OP(=O)(O)O)O,
B(C1=CC=C(C=C1)CBr)(O)O,
[Co](F)(F)F.O.O,
C[N+](C)(C)C.O.O.O.O.O.[OH-],
C1C(O1)CN2C(=O)C3=CC=CC=C3C2=O,
CC(C)(C)C(CO)NC(=O)OC(C)(C)C,
CC(C1=CC=C(C=C1)Br)O,
CC1=CC=CNC1=O,
C1=CC(=CC=C1C(=O)NCC(=O)O)N,
CN(C1=CC=CC=C1)C(=O)Cl,
C1=C(C=CC(=C1)O)C2CC(=O)C3=C(C=C(C=C3)O)O2,
C[C@H](C(=O)O)NC(=O)CC[C@@H](C(=O)O)N,
CC(=CC(=O)C)[O-].CC(=CC(=O)C)[O-].O.O.[Mg+2],
[Li+].[Al+3].[Cl-].[Cl-].[Cl-].[Cl-],
CCC(=O)OCCC1=CC=CC=C1,
C1=CN(N=C1)C(=N)N.Cl,
CC1=CC2=C(C=C1N)[N+](=C3C=CC(=C(C3=N2)C)N)C4=CC=CC=C4.[Cl-],
CC(=O)NC2(C(CC(C([O-])=O)(OCC1(C(O)C(O)C(O)C(O1)O[R]))O[CH]2C(O)C(O)CO)O),
C[Si](C)(C)C#CC1=CC=CC=C1N,
C1C(CC2=CC=CC=C21)O,
CC(=CBr)C#N,
C1=CC=C(C=C1)N(C2=CC=CC=C2)C3=CC=C(C=C3)N,
CC(=O)N1CCC2=CC(=C(C=C2C1=C)OC)OC,
CC(C)(C)[Si](C)(C)OS(=O)(=O)C(F)(F)F,
C1=CC=C(C(=C1)NC(=O)CC(=O)C2=CC=C(C=C2)N)Cl,
CCCC(C)(CC)CC,
C#CCON1C(=O)C2=CC=CC=C2C1=O,
CC(C)=CCCC(C)=CCCC(C)=CCCC(=CCCC(=CCCC(=CCCC(C)=CCCC(=CCCC(=CCCC(=CCCC(=CCOP(=O)([O-])OC1(OC(CO)C(O)C(O)C(O)1))C)C)C)C)C)C)C,
CC(=O)NCCC1=CC=C(C=C1)C(=O)OC,
CCC(C(=O)OC(C)(C)C)O,
C1=CC=C(C=C1)COC(=O)NC(CCCCN)C(=O)OC2=CC=C(C=C2)[N+](=O)[O-],
CC1=C(C=CC(=N1)N)C#N,
C1=CC2=C(C=C1Cl)C(=O)C(=C(O2)N)C=O,
CCNC1CN(S(=O)(=O)C2=C1C=C(S2)S(=O)(=O)N)CCCOC,
CCC1=CCCC1,
CCO,
C1=CC=C(C(=C1)C#N)SC2=CC=CC=C2C(=O)O,
F[Sn]F,
CC(C)(C)C1=CC(=C(C=C1)O)C=O,
C1=CC=C(C=C1)NC2=CC=C(C=C2)N=O,
CCCCCCCCCCCCCCCCCCCCCC(=O)OCCCCCCCCCCCCCCCCCC,
CCCCCCCCOP(=O)(OC1=CC=CC=C1)OC2=CC=CC=C2,
C1=CC(=CC(=C1)Br)Cl,
C1C(SCC(S1)O)O,
C(CC=O)CN,
C(O)[P+](CO)(CO)CO.C(O)[P+](CO)(CO)CO.[O-]S(=O)(=O)[O-],
C1CN(CCC1Br)C(=O)OCC2=CC=CC=C2,
F[Ir](F)F,
C1=CC2=C(C=C1Cl)NC(=O)O2,
C1=C(C=C(C(=C1O)C(=O)O)O)O,
CCC(CO)(CO)N.CCC(CO)(CO)N.C1=CC(=CC=C1[N+](=O)[O-])OP(=O)(O)O,
CC1(C(C1(C)C)C(=O)OC(C#N)C2=CC(=CC=C2)OC3=CC=CC=C3)C,
CC1(OC(C(C(C1=O)O)O)OP([O-])(=O)OP(OCC3(C(C(C(N2(C(N=C(C=C2)N)=O))O3)O)O))([O-])=O),
C1=CC=C(C=C1)NC2=CC=C(C=C2)N=NC3=CC=CC=C3,
C(F)(F)(F)[S-].C(F)(F)(F)[S-].[Hg+2],
CC1=C(N2C(C(C2=O)NC(=O)C(C3=CC=CC=C3)N)SC1)C(=O)O,
C1=CC(=CC(=C1)S(=O)(=O)F)N.Cl,
C1C2=NN=CN2C3=C(C=C(C=C3)Cl)C(=N1)C4=CC=CC=C4,
COC(=O)C1=C(SC=C1)N,
COC1=C(C=C(C=C1)S)OC,
C1([N+]C(C2(C(C1)=CC(=C(C=2)O)O))CC3(=CC(=C(O)C=C3)O)),
CC(C)=CCCC(=CC(=O)SCCNC(=O)CCNC(=O)C(O)C(C)(C)COP(=O)(OP(=O)(OCC1(C(OP([O-])(=O)[O-])C(O)C(O1)N3(C2(=C(C(N)=NC=N2)N=C3))))[O-])[O-])CC([O-])=O,
C(C(C(C(CO)(F)F)(F)F)(F)F)O,
C1(=C(C(=C(C(=C1Br)Br)Br)Br)Br)O,
NC(=N)NCCCC1NC(=O)C2CCCN2C(=O)C(CNC(=O)C=CC(CC2=CC=C(O)C=C2)NC(=O)C(CC2=CC=CC=C2)NC(=O)C1=O)NC=O,
CC(C)(C)OC(=O)OC(=O)OC(C)(C)C,
O.[OH-].[Rb+],
C(Cl)(Cl)(Cl)Cl,
C1=CC(=CC(=C1)F)CO,
C1CC2=CC=CC=C2CC1C(=O)O,
CC(C)(C)CC(=C)CC(C)(C)C,
CC1=NC2=C(S1)C=CC(=C2)O,
C1=C(OC(=C1)[N+](=O)[O-])C=NO,
C1C(O1)C(F)(F)F,
CCCC[N+]1=CN(C)C=C1.C(F)(F)(F)S(=O)(=O)[N-]S(=O)(=O)C(F)(F)F,
CC1(CC(C2=C(O1)C3=CC=CC=C3OC2=O)C4=CC=CC=C4)OC,
C=CC1CNC(=S)O1,
CC(C)(C#C)NC(=O)C1=CC(=CC(=C1)Cl)Cl,
NC(CS[AsH]O)C(O)=O,
CCOC(=O)C1=NC2=CC=CC=C2N=C1,
CC(=CCNC1=NC=NC2=C1N=CN2C3C(C(C(C(O3)CO)O)O)O)CO,
B1(OC(C(O1)(C)C)(C)C)C=CC2=CC(=CC=C2)OC,
CC1=C(C(=C(C=C1C2(C3=CC=CC=C3S(=O)(=O)O2)C4=CC(=C(C(=C4C)Br)[O-])Br)Br)O)Br.[Na+],
C1CCC2=C(C1)C(=O)OC2=O,
CC(=CCCC(=CCCC(C)(C=C)O)C)C,
C1=CC=C(C=C1)C(=O)C2=C(N=CC=C2)C(=O)O,
[Li+].[O-]P(=O)=O,
CC1=CC(=C(C=C1)Cl)O,
COC1=C(C=C(C=C1)C2=CC=CC=C2)N.Cl,
CCC(CO)(CO)CO.CC(CO)N.CC(CO)O,
COC(=O)C(CSSCC(C(=O)OC)N)N.Cl.Cl,
C[Si](C)(C)OC=C(O[Si](C)(C)C)O[Si](C)(C)C,
COP(=S)(OC)OC1=C(C=C(C=C1)[N+](=O)[O-])Cl,
C1C2=CC=CC=C2C(=O)C3=CC=CC=C31,
CCCCCOC(=O)C1=CC=CO1,
C1(=O)(CC[CH](N(CO)1)C2(C=NC=CC=2)),
C(C(=O)[O-])N(CC(=O)[O-])CC(=O)[O-].[Na+].[Na+].[Na+],
CC1=CC=C(C=C1)[N+](=O)[O-],
CCCCCCC[N+]1=CN(C)C=C1.F[P-](F)(F)(F)(F)F,
C1=C(C(=O)NC(=O)N1)[N+](=O)[O-],
CC1=NC=C(C[N+]2=CSC(CCOP(O)([O-])=O)=C2C)C(N)=N1,
COC1=CC(=C(C=C1)N=C=S)[N+](=O)[O-],
C(Br)(Br)Br,
[B-](C1=CC=C(C=C1)C=O)(F)(F)F.[K+],
C1=CC(=C(C=C1F)C(F)(F)F)CC#N,
CCOC(=O)C(CC1=CC=CC=C1)NC(=O)C2CSCCN2S(=O)(=O)C3=CC=C(C=C3)C,
CC1CCC(C(C1C)C)C,
O.O.O.O.O.O.O.O.[O-]S(=O)(=O)[O-].[O-]S(=O)(=O)[O-].[O-]S(=O)(=O)[O-].[Ce+3].[Ce+3],
CC(C)C1=CC=C(C=C1)N=C=S,
CC4(C7(N8([Co--]25([N+]1(C(=C(CCC(=O)[O-])C(CC(=O)[O-])C=1C=C3(C(CCC(=O)[O-])C(C)(CC(=O)[O-])C(N23)=CC6(C(CCC(=O)[O-])C(C=4[N+]5=6)(C)CC([O-])=O)))CC(=C(CCC(=O)[O-])C(CC(=O)[O-])=7)8))))),
CN,
COC1=C(C(=C(C(=C1)CC2=NC3=C(N2CCCC#C)N=CN=C3N)Cl)OC)OC,
CC(C)(C)OC(=O)CNCC(=O)OC(C)(C)C,
CC1=C2C(C(=O)C3(C(CC4C(C3C(C(C2(C)C)(CC1OC(=O)C(C(C5=CC=CC=C5)NC(=O)C6=CC=CC=C6)O)O)OC(=O)C7=CC=CC=C7)(CO4)OC(=O)C)O)C)OC(=O)C,
CC(=O)O[Bi](C1=CC=CC=C1)(C2=CC=CC=C2)(C3=CC=CC=C3)OC(=O)C,
[O-]P(=O)([O-])[O-].[O-]P(=O)([O-])[O-].[Fe+2].[Fe+2].[Fe+2],
C1=C(C=C(C(=C1Cl)O)Cl)N.Cl,
C1=CC(=CC=C1N)S(=O)(=O)[O-].O.[Na+],
CC(C1=CC(=C(C=C1)C2=CC=CC=C2)F)C(=O)O,
C1=CC=C(C(=C1)C2=CC=C(O2)C(=O)O)[N+](=O)[O-],
C1=C[NH+]=CC=C1C(=O)O.C1=C[NH+]=CC=C1C(=O)O.[O-][Cr](=O)(=O)O[Cr](=O)(=O)[O-],
C=CC1(C(OC=C(C(=O)[O-])C(CC=O)1)OC2(OC(CO)C(O)C(O)C(O)2)),
COP(=O)(N)SC C1C(NC2=CC=CC=C21)C(=O)O,
CC(=O)[O-].CC(=O)[O-].[Pb+2],
C(CCl)N.Cl,
C=CCNC(=S)NCCO,
COC1=CC=C(C=C1)C(C2=CC=CC=C2)(C3=CC=C(C=C3)OC)OCC4C(CC(O4)N5C=NC6=C5N=CN=C6NC(=O)C7=CC=CC=C7)O,
C=C(C[Si](Cl)(Cl)Cl)C[Si](Cl)(Cl)Cl,
CCOC(=O)C1=CC=C(C=C1)[N+](=O)[O-],
C1(C(O)C(C([O-])=O)N1CC(O)C([N+]CCC(O)C(=O)[O-])C(=O)[O-]),
C1=CC2=C(C(=C1)O)N=CC=C2.[Zn],
C[N+](=NCOC1C(C(C(C(O1)CO)O)O)O)[O-],
C1=CC=C(C=C1)C2=CC=[N+](C=C2)[O-],
CCCCCCCCO[Si](C)(C)Cl,
CCCCCCCCCCCCCCCCCCCCCCCCCC,
C1=CC(=CC=C1C#N)C2=CC=C(C=C2)O,
CC(C)C1=CC=C(C=C1)CC(C)C=O,
CC1(OC2C(C(OC2O1)CO)O)C,
C1=CC(=NC=C1Br)I,
C1=CC(=CC=C1NC2=C(C=C(C=C2)[N+](=O)[O-])[N+](=O)[O-])O,
CCC1=C(C2=CC3=NC(=CC4=C(C(=C([N-]4)C=C5C(=C(C(=N5)C=C1[N-]2)CC)CC)CC)CC)C(=C3CC)CC)CC.[Zn+2],
CC(C[Si](Cl)(Cl)Cl)CCl,
C1=NC2=C(C(=N1)Cl)N=CN2C3C(C(C(O3)CO)O)O,
C(CC=O)CNC(=N)N,
C12C(C(C(C1Cl)Cl)Cl)C3(C(=C(C2(C3(Cl)Cl)Cl)Cl)Cl)Cl,
CC(=O)OCCCCCOC(=O)C,
CSC1=CC=C(C=C1)C2=NC(=CC=C2)C=O,
C1=CC=C(C(=C1)CBr)F,
CC1=C(C=CN=C1CS(=O)C2=NC3=CC=CC=C3N2)OCCCOC,
C1=CC(=C(C=C1CC2=CC(=C(C=C2)O)C(=O)O)C(=O)O)O,
CN1C(=CC(=N1)C2=CC=CC=C2)NS(=O)(=O)O,
N#[O+].[N+](=O)(O)[O-].[N+](=O)(O)[O-].[N+](=O)(O)[O-].[Ru],
[Te]=[Pb],
C1CNCC2=C1C=CC(=C2)S(=O)(=O)N,
CCCCCCCCCCCCCCCCCC=O,
CCC1=CC=CS1,
CC1=C2C(=CC(=C1C(=O)O)O)C(=O)C3=C(C2=O)C(=C(C(=C3O)O)C4C(C(C(C(O4)CO)O)O)O)O,
C1=CC=C(C(=C1)C=CC(=O)O)Cl,
CCCCCCCCCCCCCCCCCC(=O)OC1=C2C3=C(C=CC4=C3C(=C1)C5=CC=CC=C5C4=O)C6=C7C2=C(C=C8C7=C(C=C6)C(=O)C9=CC=CC=C98)OC(=O)CCCCCCCCCCCCCCCCC,
C(CCC(=O)O)CC(=O)O,
CCNC1CN(S(=O)(=O)C2=C1C=C(S2)S(=O)(=O)N)CCOC,
C1=CC=C(C=C1)CCCN=C=S,
CC(C)C(CO)NC(=O)OC(C)(C)C,
C2(OC(OC1(C(O)C(O)C(O)OC1))C(O)C(O)C2O[R]),
C1=CC=C(C=C1)C(=O)NC(CCC(=O)O)C(=O)O,
CCCC=O,
C1CC(NC1)C(=O)N,
CC1=NC=C(N1CC(CCl)O)[N+](=O)[O-],
CC1=NN(C(=C1Br)N)C2=CC=CC=C2,
C1=CC(=CC(=C1)S(=O)(=O)[O-])S(=O)(=O)[O-].[Na+].[Na+],
C([R1])=COCC(OC([R2])=O)CO,
C(C1(CC[CH]2(N1C(C2)=O)))([O-])=O,
CN(C)C1=CC=C(C=C1)N=NC2=CC=CC=N2,
C1=CC=C(C=C1)P(C2=CC=C(C=C2)S(=O)(=O)[O-])C3=CC=C(C=C3)S(=O)(=O)[O-].O.O.[K+].[K+],
CC(=O)NC1CCN(C1)C(=O)OC(C)(C)C,
C1(=C(Cl)C(O)C(O)C(=C1)Cl),
CCCCOC1=CC=C(C=C1)O,
CC(C)(C)OC(=O)N1CCC(CC1)CO,
CCC(C(=O)[O-])O.[Na+],
CCC(=O)OCC=CC1=CC=CC=C1,
CCC(CC)(C(=O)NC(=O)N)Br,
CC=CCC(C)C,
CC1C(=C(C(=O)O1)O)C,
CN1C2CCC1CC(C2)OC(=O)C(CO)C3=CC=CC=C3,
CCCC1=C2C(=CC3=C1OC(=CC3=O)C(=O)O)C(=O)C=C(N2CC)C(=O)O,
C1CCC(CC1)NC(=NC2CCCCC2)N3CCOCC3,
C=COCCCCOC(=O)C1=CC=C(C=C1)C(=O)OCCCCOC=C,
C1(C(=O)OC(CO)C(O)1),
C(CN)C(=O)O,
N(=O)Cl,
CCCCCCCCCCCCN,
C[N+](C)(C)CCP(C1CCCCC1)C2CCCCC2.[Cl-],
F[Re](F)(F)F,
CN(CC1=CC=CC=C1)P2OC3=C(C4=CC=CC=C4C=C3)C5=C(O2)C=CC6=CC=CC=C65,
NC(CCC(=O)NC(CS)C(=O)NCC(=O)NCCCCNCCCNC(=O)CNC(=O)C(CS)NC(=O)CCC(N)C(O)=O)C(O)=O,
CCOC(=O)C(C)N(C1=CC(=C(C=C1)Cl)Cl)C(=O)C2=CC=CC=C2,
CCCC(=O)NC1=CC(=C(C=C1)O)C(=O)C,
CC(=CC(=O)OC)OP(=O)(OC)OC,
C1=C(C=C(C=C1Br)Br)C(=O)N,
[B-](F)(F)(F)F.CCNC1=C(C=C2C(=C1)OC3=CC(=[NH+]CC)C(=CC3=C2C4=CC=CC=C4C(=O)OCC)C)C,
[O-]S(=O)(=O)[O-].[Tl+].[Tl+],
C1=C(C(=C(C(=C1F)Cl)[N+](=O)[O-])Cl)C(=O)O,
C1=CC=C(C=C1)[P+](CC2=CC=CC=N2)(C3=CC=CC=C3)C4=CC=CC=C4.Cl.[Cl-],
C(CCCS)CCO,
C(C(CS)C(=O)[O-])S,
C1C=CCC=CC=C1,
CCNC,
CC=C1(C(C)C(NC1=CC4(=C(C)C(CCC([O-])=O)=C(CC2(C(CCC([O-])=O)=C(C)C(=N2)C[CH]3(C(C)=C(C=C)C(=O)N3)))N4))=O),
C=CCOC1=CC=C(C=C1)C=O,
CCCCOC(=O)COC1=CC(=C(C=C1Cl)Cl)Cl,
CN(C)C(=O)C=C,
[Ca+2].[Cl-].[Cl-].O.O.O.O,
CCCC[Sn](CCCC)(OC)OC,
C1C2CC3CC1CC(C2)(C3)CN,
C=CC1(C(OC=C(C(=O)[O-])C(CC=O)1)OC2(OC(CO)C(O)C(O)C(O)2)),
C1=CC=C(C(=C1)C(=S)N)Cl,
COC1=C(C=CC(=C1)Cl)[N+](=O)[O-],
CC1=C2C(=NC=C1)N(C3=C(C=CC=N3)C(=O)N2)C4CC4,
C1=CC(=CC(=C1)Cl)CO,
CC(=O)C1=NC=CS1,
C[Si](C)(C)OC=CC=C,
C=C(C(=O)O)OP(=O)(O)[O-].[K+],
C1C2=CC=CC=C2NC1=O,
CC(=O)C1=CC=C(C=C1)C#N,
C(C(Cl)(Cl)Cl)OC(=O)N=NC(=O)OCC(Cl)(Cl)Cl,
C1CN1C2=NC(=NC(=N2)N3CC3)N4CC4,
CCC1N(C)C(=O)CCC(NC(=O)C(C)C(CCC(C)CC(C)C(CC2=CC=CC=C2)OC)NC(=O)C(NC(=O)C(C)C(NC1=O)C(O)=O)C(C)C)C(O)=O,
C1=C(C=CC(=C1)N(CCO)CCO)C(=C(C#N)C#N)C#N,
C1=CC=C(C=C1)[Sn](C2=CC=CC=C2)(C3=CC=CC=C3)C4=CC=CC=C4,
C1=CN(C(=O)N=C1N)C2C(C(C(O2)CO)O)OP(=O)(O)OCC3C(C(C(O3)N4C=NC5=C4NC(=NC5=O)N)O)O,
C(C(C(C(C(F)(F)S(=O)(=O)F)(F)F)(F)F)(F)F)(C(C(C(F)(F)F)(F)F)(F)F)(F)F,
CCCC=CCC,
CCC(=O)SCC1=CC=CO1,
C1CN(CCC1(C2=CC(=C(C=C2)Cl)C(F)(F)F)O)CCCC(C3=CC=C(C=C3)F)C4=CC=C(C=C4)F,
C1=C(C(=NC(=C1F)Cl)Cl)C(=O)Cl,
C1=CC=C(C(=C1)C(=O)CC(C(=O)O)N)N,
CC(=O)OCC1C(C(C(C(O1)OC(=O)C)OC(=O)C)OC(=O)C)OC(=O)C,
C1=CC=C(C(=C1)CCN)Cl,
COC1=CC(=CC(=C1OC)OC)Br,
CC1(C2C(C3C(C(=O)C(=C(N)O)C(=O)C3(C(=O)C2=C(C4=C1C=CC=C4O)O)O)N(C)C)O)O.O.O,
CC1=CC=C(C=C1)C2=CC=C(O2)C(=O)O,
C1=CC(=NNC2=NC=CS2)C(=CC1=O)O,
CC(CCCCN)C(C)(C)N,
COCC1CCCO1,
CC1=CC(=C(C(=C1C(=O)OC2=C(C(=C(C(=C2)C)C(=O)OC)O)C)O)C=O)O,
CCCCCCCCCCCCCCCCCCCCCCCC(=O)O,
C(C(CO)Cl)O,
CN1C=C(C2=CC=CC=C21)C(=O)C(=O)O,
COC(=O)CCCCCCCCC(=O)O,
CCCCCCCCCCC(C)O,
C1=CC=C(C=C1)C(C2=CC=CC=C2)(C3=CC=CC=C3)SCC(C(=O)O)N,
CC1=CCC(CC1)(C)C,
CCC1C(=O)C(=C(O1)C)O,
CC8(CCC9(C(C)C3(C(CC2(C4(CC=C1(CC(CCC(C)1C(CCC(C)23)4)OC5(C(C(C(C(CO)O5)OC6(C(C(C(C(C)O6)O)O)O))O)OC7(C(C(C(C(C)O7)O)O)O))))))[N+](C8)9))),
CC1C(N=C(O1)C2=C(C(=CC=C2)O)O)C(=O)NCCCN(CCCNC(=O)C3=C(C(=CC=C3)O)O)C(=O)C4C(OC(=N4)C5=C(C(=CC=C5)O)O)C,
C1=CC(=CC=C1C=O)Cl,
C1=CC=C2C3=C4C(=CC2=C1)C=CC5=C4C(=CC=C5)C=C3,
C1=C(C=C(C=C1F)Cl)F,
[Se],
COC,
CCCCCCCCCCCCC1CO1,
B1(OCCCO1)C2=CN=CC=C2,
C1CCC(CC1)C(CC(=O)O)C(=O)O,
CC1=CC(=C(C(=C1Cl)C)Cl)O,
O=I(=O)OI(=O)=O,
CCC(CC)COC(=O)C=C,
C1CNC(=O)NC1,
COC1=CC2=C(C=C1)C=C(C=C2)Br,
CC1=CC(=C(C=C1)C)C(=O)C,
C1=CC=C(C=C1)C2=CC(=O)C=CC2=O,
CC(=CC1=CC=CC=C1)C=C2C(=O)N(C(=S)S2)CC(=O)O,
CN(C)CC(=O)C1=CC2=C(C=C1)OC3=C2C=C(C=C3)C(=O)CN(C)C,
CCCCCCCCSCCCCCCCC,
C(CSS(=O)(=O)O)N,
CC#CCBr,
C1=CC=C2C(=C1)C(=CC=C2Br)Br,
C(#N)C1=C(C(=C(C(=C1F)F)F)F)C#N,
CC(C1=CC2=CC=CC=C2C=C1)O,
CCOP(OC1(C=CC(=CC=1)N))(OCC)=S,
CC(C)(C)N=CN(C)C,
CC(=O)COC,
CCCC#N,
CC1CCC(CC1)C,
C1C2(C(C(C(O2)CO)O)O)OCC3(O1)C(C(C(O3)CO)O)O,
CC(C1=NC=NC=C1F)C(CN2C=NC=N2)(C3=C(C=C(C=C3)F)F)O,
C(CCI)CCl,
CC(C)CCCC(C)CCCC(C)CCCC(=CCO)C,
CC(=O)C1=CC=C(C=C1)C=O,
CC(C)(C)C1=CC(=CC(=C1O)C(C)(C)C)C=O,
CC(C)COC(=O)NCO,
CC1=NC=CC2=C1NC3=C2C=CC(=C3)OC,
C1=CC=C(C=C1)C(=O)C=CC2=CC(=CC=C2)[N+](=O)[O-],
CCOS(=O)(=O)C,
CCC(C(CC(C)N(C)C)(C1=CC=CC=C1)C2=CC=CC=C2)O,
[Li+].C1=CC=C(C=C1)C(=O)[O-],
CCCCCCCCCCCCCCBr,
CC(C)(C)OC(=O)OC1=CC=C(C=C1)C=C,
CCOP(=S)(OCC)SCCS(=O)CC,
CC1=CC(=NNC2=CC=C(C=C2)NC(=O)C)C(=O)C=C1,
CC(=O)NC2(C(CC(C([O-])=O)(OCC1(C(O)C(O)C(O)C(O1)O[R]))O[CH]2C(O)C(O)CO)O),
C([O-])(=O)C(CS(=O)(=O)[O-])OP(=O)([O-])[O-],
C1C(C(C(OC1(C(=O)O)O)C(CO)O)O)O,
Cl[I-]Cl.[Cs+],
C1=CC=C(C=C1)N=NC2=CC=C(C=C2)N=NNC3=CC=C(C=C3)[N+](=O)[O-],
CSCCC=O,
CC1(CC(=O)C2=CC(=C(C=C2O1)OC)OC)C,
Cl(=O)(=O)(=O)[O-].Cl(=O)(=O)(=O)[O-].Cl(=O)(=O)(=O)[O-].[Cr+3],
C1=CC(=CC=C1C=CC(=O)C2=CC=C(C=C2)F)Cl,
C(CO)CO.C(CO)O.C(C(CO)(CO)CO)O,
C2(=O)(C(OC1(C(C(C(C(O1)C([O-])=O)O)O)O))C[CH](N(C)2)C3(=CN=CC=C3)),
C1C(C(OC1N2C=CC(=NC2=O)N)CO)O,
CC1=CN(C2CC(O)C(COP(S)(S)=O)O2)C(=O)NC1=O,
CN(C)CCN(C)C,
CCCCCC1=CC=C(C=C1)C2=CC=C(C=C2)C#N,
C1CCC(CC1)CCBr,
C(C(=O)[O-])C(CC(=O)[O-])(C(=O)[O-])O.O.O.[Na+].[Na+].[Na+],
CC(C)CCS,
C1=CC=C2C=C(C=CC2=C1)CBr,
[CH](=[N+])NC(C([O-])=O)CCC([O-])=O,
CC(C)C(=C)C,
CCOP(=O)(CC=C)OCC,
NCC1NCC(CCC(O)=O)C1CC(O)=O,
CC(=O)C1=CC(=CC=C1)OC(F)(F)F,
CCP(=S)(Cl)Cl,
[O-][Re](=O)(=O)=O.[Tl+],
CC(C)C(C)C,
C1=CC=C2C(=C1)C(=N)C=C3C2=NC4=C(O3)C=C(C=C4)N.OCl(=O)(=O)=O,
COC(=O)CCC[N+](=O)[O-],
CS(=O)CC(C(=O)O)N1C(C(C1=O)NC(=O)CCCC(C(=O)O)N)S,
C#CC1CC1,
COC1=CC=CC(=C1)C(=O)NN,
C([N+]C1(C=CC(O)C(O)1))C2(=CNC3(N=C(NC(=O)C2=3)N)),
NC(=O)C1=CC=C[N+](=C1)C1OC(COP([O-])(=O)OP(O)(=O)OCC2OC(C(O)C2O)N2C=NC3=C2N=CN=C3N)C(O)C1O,
C([CH]2(NC1(C(NC(=NC=1NC2)N)=O)))NC3(=CC=C(C(NC(C(=O)[O-])CCC(NC(C(=O)[O-])CCC(NC(C(=O)[O-])CCC([O-])=O)=O)=O)=O)C=C3),
CN1C2CCC1CC(=O)C2,
C1=CC(=C(N=C1)N)N,
C(CS(=O)(=O)[O-])[NH2+]C(CO)(CO)CO,
C(CCCNP([O-])(=O)[O-])NC(N)=[N+],
CC(=O)C(=O)C,
CC(C)NC1=NC(=NC(=N1)NC2CC2)Cl,
CCCCN1C=C[N+](=C1)CC2=CC=CC=N2.F[P-](F)(F)(F)(F)F,
C1=CC(=C(C=C1N)S(=O)(=O)O)Cl,
C1=CC2=C(C=C1Cl)NC=C(C2=O)C(=O)O,
C1COCCN1C=C(C#N)C(=O)N,
COC(=O)CCCCl,
CC1=C(C=C(C=C1)N)[N+](=O)[O-],
C1=CC(=CC=C1C(=N)N)N.Cl.Cl,
CO,
C1CN(CCN1)C2=C(C(=CC=C2)Cl)Cl.Cl,
C(CS)O,
CCCCC(CC)COC(=O)C1=CC=CC=C1C(=O)OCC(CC)CCCC,
C(CBr)Cl,
C1=CC(=CC=C1C(=O)[O-])N.O.[Na+],
[Cr](=O)(=O)([O-])O[Cr](=O)(=O)[O-].[Cs+].[Cs+],
CC1=C(SC(=C2SC(=C(S2)C3=CC=CC=C3)C)S1)C4=CC=CC=C4,
CCCCCCCCC1=CC=C(C=C1)S(=O)(=O)[O-].[Na+],
C(=O)(C(C(F)(F)F)(F)F)C(F)(F)F,
C(C(=O)[O-])C(CC(=O)[O-])(C(=O)[O-])O.C(C(=O)[O-])C(CC(=O)[O-])(C(=O)[O-])O.[Mg+2].[Mg+2].[Mg+2].O.O.O.O.O.O.O.O.O.O.O.O.O.O,
C1=CC=C(C=C1)OC(=O)CBr,
C[CH2-].C[CH2-].[Cd+2],
CNC(=S)N(C)N,
C=CCOC1=CC=C(C=C1)C=O,
C1CN=C(N1)CC2=CC=CC=C2,
C1=CC(=NC(=C1)C2=NC(=CC=C2)Br)C3=NC(=CC=C3)Br,
C[Si](C)(C)CC1=CC=CC=C1,
CC(C)(C)C1=CC(=CC(=C1)C(=O)O)C(C)(C)C,
C1=CC(=CC=C1CCl)N=C=O,
CC(=O)NC1=C2C(=CC(=C1)S(=O)(=O)[O-])C=C(C(=NNC3=CC=CC=C3)C2=O)S(=O)(=O)[O-].[Na+].[Na+],
C1=CC=C(C=C1)P(CCCCP(C2=CC=CC=C2)C3=CC=CC=C3)C4=CC=CC=C4.C5=CC6C=CC5C6.CC(=O)C.[B-](F)(F)(F)F.[B-](F)(F)(F)F.[B-](F)(F)(F)F.[Rh+3],
CCN(CCOC1=CC=C(C=C1)OC)C2=CC=C(C=C2)N=NC3=CC=C(C=C3)[N+](=O)[O-],
C1CCC(C(C1)N)N.[O-][Se](=O)(=O)[O-].[Pt+2],
COC1=NC=CN=C1,
C(O)C1(C(O[R2])C(OS(=O)(=O)[O-])C(N)C(O[R1])O1),
COC1C(C(C(C(O1)CO)S)O)O,
O.[Co](Br)Br,
C1=CC(=CC=C1C#N)C(C2=CC=C(C=C2)C#N)N3C=NC=N3,
B(C1=CC(=C(C=C1)OC)C)(O)O,
C1=CC2=C3C(=C1)NS(=O)(=O)C3=CC=C2,
C1COCCN1CCCN=C=S,
[B-](F)(F)(F)F.[B-](F)(F)(F)F.O.[Zn+2],
C1=CC=C(C=C1)NC2=NN=NS2,
CCCCCCCCC=CC=O,
CC1=C(C2CCC1C2)C,
CC(C(C)O)O,
C(=O)([O-])CC(NC(N)=[N+])C(=O)[O-],
CC(=O)C1=C(C=CC=C1F)F,
C(CO)N(CCO)CC(=O)O,
CC(=O)NC(=C)C(=O)O,
C1C(C(OC1N2C=C(C(=O)NC2=O)C3=CC=C(S3)Br)CO)O,
[N]=O,
O=P(OP(=O)(Cl)Cl)(Cl)Cl,
Cl[Sb](Cl)Cl,
C#[C-].[Mg+2].[Cl-],
C1=CC=C2C(=C1)C(=O)NS2,
C1=CNC=CC1=C(N)N=O,
C(C[Si](Cl)(Cl)Cl)[Si]12O[Si]3(O[Si]4(O[Si](O1)(O[Si]5(O[Si](O2)(O[Si](O3)(O[Si](O4)(O5)CC[Si](Cl)(Cl)Cl)CC[Si](Cl)(Cl)Cl)CC[Si](Cl)(Cl)Cl)CC[Si](Cl)(Cl)Cl)CC[Si](Cl)(Cl)Cl)CC[Si](Cl)(Cl)Cl)CC[Si](Cl)(Cl)Cl,
C(O)C1(OC(O[R])C(O)C(O)C(O)1),
C(#N)C(C#N)(Cl)Cl,
C1=CC(=CC=C1CC(=O)O)SC(F)(F)F,
C(CNCCC#N)C#N,
CC(C)OC(=O)NC1=CC=CC=C1,
C=CC1=CC=CC=C1Cl,
C1=CN=C(N)N=C1C[C@@H](C(=O)O)N,
CC1=C(C=C(C=C1)S)C,
C1=CC(=C(C=C1O)O)C=O,
CC(C)(COP(O)(=O)OP(O)(=O)OCC1OC(C(O)C1OP(O)(O)=O)N1C=NC2=C1N=CN=C2N)C(O)C(=O)NCCC(=O)NCCSCC(=O)C1=CC=C(O)C=C1,
CC1=CC(=O)OC2=C1C=CC(=C2)OCC(=O)O,
COC1=CC2=C(C=C1)C(=CC(=O)O2)CC(=O)O,
C1C=CCC(C1C(=O)[O-])[NH3+],
C1=CC=C2CC=CC2=C1.C3=CC=C4C(=C3)C=CO4,
C1=CC(=CC(=C1)I)C=C2C(=O)NC(=O)[Se]2,
C1=CC(=CC=C1C2=NN=C(S2)N)[N+](=O)[O-],
COC1=C(C=C(C=C1)C(=O)C2=C(C(=CC=C2)OC)OC)OC,
C(C1C(C(C(C(O1)OC(CO)COP(=O)(O)O)O)O)O)O,
CCC[CH2-].[Zn+]Br,
CC(N)P(=O)(O)O,
C1=CC=C2C(=C1)C(=O)NS2(=O)=O,
CCOC(=O)C(P(=O)(OCC)OCC)(Cl)Cl,
C(=O)(C(F)(F)F)C(F)(F)F.C(=O)(C(F)(F)F)C(F)(F)F.O.O.O,
CC(C)(C)OC(=O)NC(CC1=CC=CC=C1)C(=O)O,
CC(C)(C)OC(=O)N1CC=CCC1C(=O)O,
CCOC(C(=O)OCC)Cl,
CC(CC(C)(C)C)C(C)CO,
NC1=NC=NC2=C1N=CN2C1OC(COP(O)(=O)CP(O)(O)=O)C(O)C1O,
CC1=C(C2=C(C=C1)N=CC=C2)[N+](=O)[O-],
CCCCC(CC)COC(=O)C(=C)C,
C1=NC(=NC(=O)N1C2C(C(C(O2)CO)O)O)N,
CN(C)C(=S)NN,
C#CCCCCC(=O)O,
CC1(C(=O)NC(=O)O1)C,
NCC1NCC(CCC(O)=O)C1CC(O)=O,
CC(CC1=CC(=C(C(=C1)OC)OC)OC)N,
C1=C(C=CC(=C1)O)C(C(=O)[O-])O,
C1=CC=C(C=C1)CC2=CC=C(C=C2)N=C=O,
CC1CCCC(C1)O,
CCCC(C)C(=O)OCC,
CC1=CC=C2SC(=NC2=C1)C1OC(CO)C(O)C(O)C1O,
C1=C(C(=C(C(=C1Cl)Cl)Cl)Cl)Cl,
N1=S=NSN=S=NS1,
O.Br[Lu](Br)Br,
CC(CP(=O)(C(CC(=O)O)N)O)C(=O)O,
I[Mo](I)(I)I,
NC1CC2NCNC2C(OCC2CCCCC2)N1,
C1=CC=C2C(=C1)C(C3=CC=CC=C32)N=C=O,
C1=CC(=CC=C1C(CCCC2C(NC(NC2=O)N)N)C(C(F)(F)F)(O)O)C(=O)NC(CCC(=O)O)C(=O)O,
CC1=CC(=O)CC(C1(C=CC(=CC(=O)O)C)O)(C)C,
O.O.O.O.O.O.O.O.O.O.O.O.OP(=O)([O-])[O-].[Na+].[Na+],
CCOP(=O)(CC=CC1=CC=CC=C1)OCC,
CCOCCCl,
[O-][Si]([O-])([O-])[O-].[Zr+4],
CC(C)(C)[O-].CC(C)(C)[O-].CC(C)(C)[O-].CC(C)(C)[O-].[Ti+4],
CCN(CC)CCCC(C)O,
[O-][Mo](=O)(=O)[O-].[Pb+2],
S([Tl])[Tl],
COC1=CC=CC(=C1)C1NC2CCCC(C(N)=O)C2N1,
CC1=CC=C(C=C1)OC2=CC=C(C=C2)C(=O)O,
C1=CC(=C(C=C1F)F)NN.Cl,
CC1=C(SCCO1)C(=O)NC2=CC=CC=C2,
C1=CC(=C(C(=C1)Cl)F)S(=O)(=O)Cl,
CCOC(=O)OCC,
CC(=CC1=CC=C(C=C1)C(=O)O)C2=CC3=C(C=C2)C(CCC3(C)C)(C)C,
CCCCCCCCCCCCOC(=O)C=C,
C1=CC(=CC2=NC3=C(C=CC(=C3)N)C=C21)N,
C=C1C=NC(=NC1=N)C(F)(F)F,
C1=CC=C(C=C1)NC2=CC3=CC=CC=C3C=C2,
CCCCCCCCCCCC[N+](C)(C)C.[Cl-],
CN(C)C(=O)C(CC1=CC=CC=C1)NC(=O)C(=O)CC(=O)NCCC2=CC=CC=N2,
CCOCCOCCOC(=O)OC1CCC2(C3CCC4(C(C3CC=C2C1)CCC4C(C)CCCC(C)C)C)C,
CC(C)COC(=O)CC1=CC=CC=C1,
C1CNCCN1.C(CCC(=O)O)CC(=O)O,
CCC1CCCC1C,
C1=CC(=CC=C1C(=O)O)N=C(N)N.Cl,
C1=CC(=CC=C1C=CC(=O)Cl)C=CC(=O)Cl,
CCCC(CO)NC(=O)OC(C)(C)C,
CCOC(=O)C1=C(NC(=C(C1C2=CC=CC=C2C=CC(=O)OC(C)(C)C)C(=O)OCC)C)C,
C(CS)C(C(C(C(C(C(C(C(F)(F)F)(F)F)(F)F)(F)F)(F)F)(F)F)(F)F)(F)F,
CNCC1=CC=CC=C1Cl,
CC1=CC(=NC=C1)C(=O)O,
C([C@@H](C(=O)[O-])NC=N)C(=O)[O-],
C(=O)N,
CC1=C(C(=CC=C1)C)OCC(C)N,
CC(C)(C)C(C(=O)O)N,
C1=CC=C(C=C1)C2=C(C(=O)C3=CC=CC=C3O2)O,
C1=C(C(=CC(=C1F)F)F)F,
C=CC(=O)N1CCOCC1,
C[Se]CCC(C(=O)O)N,
[NH4+].[O-]I(=O)=O,
CC=O,
C1=CC2=C3C(=C1)C=CC4=C(C=CC(=C43)C=C2)CCCCO,
NO.Cl,
CC1=CC=C(C=C1)OC(F)(F)F,
C1COCCN1CCOCCN2CCOCC2,
CCN1C=C(C(=O)C2=C1N=C(C=C2)C)C(=O)[O-].O.[Na+],
C1C=C2C(=CC(=O)O2)C(O1)O,
[Hf+4].[O-][Si]([O-])([O-])[O-],
C1=CC(=C(C(=C1)S(=O)(=O)O)O)O,
[B-]([O+](C)C)(F)(F)F,
C1=CC=C(C=C1)C2=NC(=S)NN2,
CCCCOCCOC(=O)C,
C1=CC(=CC(=C1)Cl)CCC(=O)O,
CCNCC.Cl,
C1=COC(=C1)C2=CC=CS2,
CC(=O)CC(=O)ON1C(=O)CCC1=O,
C1=CC=C(C=C1)[NH3+].O=[PH2][O-],
CNC1=CC=CC=C1O,
C1CCCCCCC(=O)CCCCC1,
CCOC1=CC=C(C=C1)C(=O)OC,
B(C1=C(C=C(C=C1)F)F)(O)O,
C1=CC(=CC=C1C=O)OC2=CC=C(C=C2)F,
CCCC[N+]1=CN(C)C=C1.CC2=CC=C(C=C2)S(=O)(=O)[O-],
C1=CC=C(C=C1)CCN2C(=O)C3=CC=CC=C3C(=O)N2,
CC(=C)C(=O)OC(C)(C)C,
C1=CC=C(C=C1)OP(=O)([N-][N+]#N)OC2=CC=CC=C2,
C1=CC=C(C=C1)CC(=O)O,
CC(=O)NC1=C(C(=C(C(=C1I)C(=O)O)I)NC(=O)C)I.CNCC(C(C(C(CO)O)O)O)O,
CC([C]1[CH][CH][CH][C]1P(C2=CC=CO2)C3=CC=CO3)P(C(C)(C)C)C(C)(C)C.[CH]1[CH][CH][CH][CH]1.[Fe],
C#CC#C,
C=CC1CO1,
CC(C=CCCC(OC3(C1(OC(OC(C1(O)C(=O)[O-])C([O-])=O)(CCCC(OC(=O)C)C(C)CC2(C=CC=CC=2))C3O)C(=O)[O-]))=O)CCCC4(C=CC=CC=4),
CC(=CCC1=C(C2=C(C=C1OC)OC=C(C3=C(C=C(C=C3)O)O)C2=O)O)C,
CCOC(=O)CC(C(=O)OCC)SP(=S)(OC)OC,
C1=CC(=CC(=C1)I)CN.Cl,
C1=CN=C(N=C1N)Cl,
C1=CC=C2C(C3=CC=CC=C3C=CC2=C1)O,
C1=CC=NC(=C1)C(=O)C2=CC=CC=N2,
C#CC(F)(F)F,
C1=CC=C2C(=C1)C=CC(=N2)C=O,
CCCC(CCC)C(=O)[O-].[Na+],
CC(=CCCC(=CC(=O)O)C)C,
CN1C(=C(C2=C1C(=O)C=C(C2=O)N3CC3)CO)CCCO,
CC1(OCC(O1)C2C3C(C(O2)O)OC(O3)(C)C)C,
C1=CN(C=C1)C2=CC(=C(C=C2)O)C(=O)O,
C1(OP(OC2(C(O)C(OC12)N3(C=CC(=O)NC(=O)3)))([O-])=O),
CCCCCCCCCCCCCCCCCCOC(=O)CCC1=CC(=C(C(=C1)C(C)(C)C)O)C(C)(C)C,
C1=CC(=C(C(=C1)Cl)[N+](=O)[O-])[N+](=O)[O-],
CC(C)C(=O)NC1=NC(=O)C2=C(N1)N(C=N2)C3CC(C(O3)COC(C4=CC=CC=C4)(C5=CC=C(C=C5)OC)C6=CC=C(C=C6)OC)O,
CCC(C)CC(CC)C(CC)CCOC(=O)C,
C[C@@H]([C@@H]([C@H]([C@H](C(=O)[O-])O)O)O)O,
C1C(CC(=O)CC1=O)C2=CC=CC=C2,
CC(=O)NC1=C(C=C(C(=C1)OC)C(=O)OC)Cl,
COC1=C(C=CC(=C1)N)Br,
C(CCO)CCO,
O.OP(=O)(O)O.[Fe],
C1=CC=C(C=C1)CNN.Cl,
CC(=O)O.O.[Cd],
CC8(CCC7(CCC1(C(=CCC2(C1(CCC3(C2(CCC(C3(C)C)OC4(C(C(C(C(O4)C(=O)[O-])OC5(C(C(C(C(CO)O5)O)O)O))OC6(C(C(C(C(CO)O6)O)O)O))O))C))C))C7C8)C)C(=O)OC9(C(C(C(C(CO)O9)O)O)O))C,
CCOC(=O)CC1=CSC(=N1)NC(=O)CCl,
CC1=CCC(C=C1)C(C)C,
CCCCC(CN(C=O)O)C(=O)NC(C(=O)N(C)C)C(C)(C)C,
C1=CC(=CC=C1CC(C(=O)O)N)O,
CCOP(=O)(CC(=O)OCC=C)OCC,
CCOC,
CC(=O)NC(CC1=CC=CC2=C1C=CC=C2)[B-](O)(O)OCC(N)C(O)=O,
OP(=O)([O-])[O-].[Pb+2],
C1=CC(=C(C=C1N)Cl)C#N,
C=C,
CC1=C(C(=C(C(=C1)C2(C3=CC=CC=C3S(=O)(=O)O2)C4=CC(=C(C(=C4C)Br)O)C)C)Br)O,
C1=NC2=C(N1CC(=O)O)N=C(N=C2Cl)N,
B(OCCCC)(OCCCC)OCCCC,
C1=CC=C(C=C1)SC2=CC=CC=C2[N+](=O)[O-],
CC(C)COC(=O)C1=CC(=C(C(=C1)N)Cl)N,
CC1(CO1)C,
C1CC(=O)N(C1)CCC#N,
C1CCC(=O)C(C1)Cl,
CC1=C(SC(=[N+]1CC2=CN=C(N=C2N)C)C(=O)C)CCOP(=O)(O)OP(=O)(O)O,
O.O.[Zn](Br)Br,
CCOP(=S)(OCC)OC1=C(C=C(C=C1)Cl)Cl,
CCCCCCCCCCCCC[CH2-].CCCCCCCCCCCCC[CH2-].CCCCCCCCCCCCC[CH2-].[Al+3],
CCCCCCC=CCCCCCCCC(OC(CCCCCCCCCCC)CC(=O)NC4(C(OCC1(OC(OP([O-])([O-])=O)C(NC(CC(O)CCCCCCCCCCC)=O)C(OC(CC(O)CCCCCCCCCCC)=O)C(O)1))OC(COC3(C([O-])=O)(O[CH](C(CO)O)C(O)C(OC2(C([O-])=O)(O[CH](C(CO)O)C(O)C(O)C2))C3))C(C4OC(CC(O)CCCCCCCCCCC)=O)OP([O-])([O-])=O))=O,
C=CC=C.C=CC#N,
CCC(CC)CCl,
C1=CC=C(C=C1)C(=O)C=O.O,
[Se]=[Hf]=[Se],
CCCCCC(CC(=O)CCC1=CC(=C(C=C1)OC)O)O,
[Co](=S)=S,
CC(C)(C)OC(=O)N1CCN(CC1)C2=CC=C(C=C2)C(=O)OC,
CCC([C@@H]1[C@H]([C@H]([C@H](N2C=NC3=C(N)N=CN=C32)O1)S)O)O,
CC(C1=CC=CC=C1)C(C(=O)O)N.Cl,
CCCC(C)(C)CCC,
CC(C)C(=C)CCC(C)[CH]3(CC[CH]4(C2(=CC[CH]1(C(C)C(O)CCC(C)1[CH]2CCC(C)34)))),
C(CC1CCNCC1)CC2CCNCC2.C(#N)[S-].C(#N)[S-],
CC(CCCCN=C=O)C(C)(C)N=C=O,
C1=CC(=CC=C1C=CC(=O)O)C=CC(=O)O,
C1=CC(=CC(=C1)I)CC#N,
CCCCCCCCCCCCCCCCCCCC(OCC(COP(OCC[N+])([O-])=O)OC(=O)CCCCCCCC=CCC=CCC=CCC)=O,
C1=CC(=NC(=C1[N+](=O)[O-])Cl)Cl,
[Na+].[Na+].O=S(=O)([O-])S(=O)(=O)[O-].O.O,
CC(C)(C)OC(=O)NC(CO)C(=O)O,
C1C(COC1=O)O,
[O-][Se](=O)(=O)[O-].[Cd+2],
CCCCCC#CC1=CC=CC=C1,
COC1=C(C=C(C=C1)C=CC(=O)NC2=CC=CC=C2C(=O)O)OC,
CCCCCCCCC=CCCCCCCCC(OCC(OC(=O)CCCCCCCC=CCC=CCCCCC)COP([O-])(=O)[O-])=O,
C1=CC=C(C=C1)CSCC(=O)O,
CC(=O)OCC1=CC=CC=C1,
CC1=CC(=NC(=N1)Cl)N(C)C,
C=C1(C2(CC3(C1)(C([CH]4(C(C)(CCCC(C)([CH](CC2)3)4)C([O-])=O))C([O-])=O))),
CCN(CC)C1=CC2=[N+](C3=C(C=CC(=C3)N=NC4=CC=C(C=C4)N(C)C)N=C2C=C1)C5=CC=CC=C5.[Cl-],
CC(C)(C(=O)O)O,
C1=CC2=C(C=C1OC(F)F)NC(=S)N2,
B1(OC(C(O1)(C)C)(C)C)C2=CN=C(C=C2)F,
CN1C=C(C=N1)C=O,
COC1CCCCCCC1[Hg]Cl,
CCCCCCCCCCCCC1CCCCC1,
NN.Br,
CC1=C(C(=O)CO1)O,
CC1C(SC(=O)N1C(=O)NC2CCCCC2)C3=CC=C(C=C3)Cl,
CCC(C)CC(C)CCCCCCCCC(=O)NC1CC(O)C(NCCN)NC(=O)C2C(O)CCN2C(=O)C(NC(=O)C(NC(=O)C2CC(O)CN2C(=O)C(NC1=O)C(C)O)C(O)C(O)C1=CC=C(O)C=C1)C(O)CCN,
CC(=C)C(=O)C,
C([C@@H]([C@@H](C(=O)[O-])O)C(=O)[O-])C(=O)[O-],
CCOC(=O)C1=CC2=C(C=C(C=C2)O)OC1=O,
CC(C)CC(C(=O)O)NC(=O)OC(C)(C)C.O,
COC1C(C)C(COP(O)(O)=O)OC1N1C=C(C)C(=O)NC1=O,
C1=CC=C(C=C1)C(Br)Br,
CC(C)N1C(=NC(C)(C)C)SCN(C1=O)C2=CC=CC=C2,
CC(=O)NC4(C(O)C(O)C(COP(=O)([O-])OC1(OC(CO)C(O)C(O)C(O)1))OC(OP(=O)([O-])OP(=O)([O-])OCC2(OC(C(O)C(O)2)N3(C=CC(=O)NC(=O)3)))4),
C(C(=O)O)OP(=O)(O)O,
C[N+](C)(C)C.O.O.O.O.[F-],
B(C1=C(C=C(C=C1)OCCC)OCCC)(O)O,
CCCCCCCC(=S)[O-],
C(C([N+])C(=O)[O-])C(=O)OP([O-])(=O)[O-],
CCOS(=O)(=O)C,
[Hg+].I(=O)(=O)[O-],
CC1(CSC(CS1)(C)O)O,
C(C(=O)O)N,
C=C(CO)Br,
C(C(OC(F)F)(F)F)(F)Cl,
COC1=CC=C(C=C1)SSC2=CC=C(C=C2)OC,
CCC(CO)[N+](=O)[O-],
CC(C1=CC=CC=C1)NC(=O)C2=CC(=CC(=C2)[N+](=O)[O-])[N+](=O)[O-],
C(=O)([O-])[O-].C(=O)([O-])[O-].C(=O)([O-])[O-].O.[Nd+3].[Nd+3],
O=CC1CCC(=O)N1,
B(CCC1=CC=CC=C1)(O)O,
C1=C(OC(=C1)[N+](=O)[O-])CO,
C(CCC(C(=O)[O-])[N+])(OP([O-])(=O)[O-])=O,
CC1=CC(=C(C=C1)S)S,
C(C(C(=O)[O-])O)(C(=O)[O-])O.[Ca+2].O.O.O.O,
C1=CC=C(C=C1)C=NNC(=O)N,
OCl(=O)(=O)=O,
C1=CC(=NC(=C1O)O)O,
COC1=NCCCCC1,
CCOC1=CC(=C(C=C1)C(=O)C2=CC=CC=C2)OCC,
Cl[Eu](Cl)Cl,
C1=CC=C(C(=C1)C(=O)[O-])NO,
CC(C)CCCC(C)CCOC1=CC(=C(C=C1CCl)OC)CCl,
C1CCNC(C1)C(C2=CC(=NC3=C2C=CC=C3C(F)(F)F)C(F)(F)F)O,
C1=CC(=C(C=C1Br)C(F)(F)F)N,
C1CNCCC1CCCC=O,
CCCCCCBr,
C1=CC(=C(C=C1F)O)F,
CN(C)C(=O)C(CCN1CCC(CC1)(C2=CC=C(C=C2)Cl)O)(C3=CC=CC=C3)C4=CC=CC=C4,
C1C(C(C(C(O1)(CO)O)O)O)O,
CCOP(=S)(OCC)Cl,
CC=CCO,
B1(OC(C(O1)(C)C)(C)C)C2=CC(=CC=C2)C#N,
C1=CC=C2C(=C1)C(=CS2)C=O,
CC(C)OC=N.Cl,
CCCCCCCCCCCCCCCC=O,
CC(=CCCC(C)=CCCC(C)=CCCC(C)=CCCC(C)=CCCC(C)=CCCC(C)=CCCC(C)=CCCC(C)=CCCC(C)=CCCC(C)=CCCC(C)=CCCC(C)=CCCC(C)=CCCC(C)=CCCC(CCOP(OP(OC1(C(C(C(C(O1)CO)OC2(C(C(C(C(O2)CO)OC3(C(C(C(C(O3)COC4(C(C(C(C(O4)CO)O)O)O))O)OC5(C(C(C(C(O5)CO)O)O)O))O))O)NC(=O)C))O)NC(C)=O))(=O)[O-])(=O)[O-])C)C,
[O-][As]=O.[O-][As]=O.[Zn+2],
C(C(=O)CBr)Br,
CCCCCCCCCCOC1=CC=C(C=C1)C(=O)O,
C=COCCCCOC(=O)NCCCCCCNC(=O)OCCCCOC=C,
C(CCCCCBr)CCCCC(=O)O,
CC(=O)O.O.[Cr],
C[C-]1C(=C(C(=C1C)C)C)C.C[C-]1C(=C(C(=C1C)C)C)C.[Ru+2],
C1=CC(=C(C(=C1)O)Cl)C(F)(F)F,
CCCCOCCOC,
C1CCC(=CC1)C2=CC=CC=C2,
CCO[Si](C)(C=C)OCC,
CCOC(=O)C1=CC=CC=C1C2=C3C=C(C(=O)C(=C3OC4=C(C(=C(C=C24)Br)[O-])Br)Br)Br.[K+],
CC(C)(C)C1CCC(CC1)OC(=O)C=C,
COC5(C=C1(OCOC1=CC(C2(COC4(=C(C2=O)C(O)=CC(OC3(C(O)C(O)C(O)C(O3)COC(CC([O-])=O)=O))=C4)))=5)),
CCN(CC)C#N,
C1C(NCC2=CC=CC=C21)C(=O)O.Cl,
CCCCCCCCCCC1=C(SC(=C1)Br)Br,
C1=NC2=C(N1C3C(C(C(O3)CO)O)O)N=C(N=C2N)F,
NC1=NC=NC2=C1N=CN2C1OC(CO)C(O)C1O,
C1=CC=NC=C1.Cl[Au](Cl)Cl,
C1=CC(=O)C=CC1=O,
CC(C)(C)C1=CC=C(C=C1)NN.Cl,
CC1=CC=C(C=C1)C=O,
C1=CC=[N+](C=C1)N.[I-],
CCCCCCCCCCCCCCCCCCCCCCCCCCO,
CC1=C2C(=CC(=C1)O)CCC(O2)(C)CCCC(C)CCCC(C)CCCC(C)C,
NC(=[NH2+])C1CCC2NC(NC2C1)C1=NC=CC=C1[O-],
C1=C(C(=C(C=N1)Cl)C(=O)O)Cl,
CC(C)N1CCNCC1,
C(C(=O)Cl)OCC(=O)Cl,
C1=CC=C(C=C1)[Hg]C2=CC=CC=C2,
C1=CC(=C(C(=C1)F)N)C(F)(F)F,
CCC1=CC=CC=C1NC(=O)C2=CC3=CC=CC=C3C=C2O,
CCC(=O)OCC(COC(=O)CC)OC(=O)CC,
CC1=CC2=C(C=C1C(=C)C3=CC=C(C=C3)C(=O)O)C(CCC2(C)C)(C)C,
B(C1=CC(=CC=C1)C=C)(O)O,
CS(=O)(=O)C1=CC2=C(C=C1)N=C(S2)N,
C1CCC(CC1)CCCCC(=O)O,
CC1=CC2=C(CCC2=O)C=C1,
CCCCCCCCCCN(C)C,
CC1=C(C(=C(C=C1Br)Br)O)Br,
C1=CC=C2C(=C1)C(=O)OC23C4=CC(=C(C(=C4OC5=C(C(=C(C=C35)Br)O)Br)Br)O)Br,
CCOC(=O)NNC(=O)OCC,
C1=CC=C(C=C1)C(C2=CC=C(C=C2)Cl)N.Cl,
C1(=C(C(=C(C(=C1F)F)F)F)F)C2=C(C(=C(C(=C2F)F)F)F)F,
C1=CC=C(C=C1)CC(C(=O)[O-])C(=O)[O-],
[Al-](Cl)(Cl)(Cl)Cl.[Cs+],
CCC1=CC=C(C=C1)C(C2=CC=C(C=C2)CC)C(Cl)Cl,
COC1=C(C(=CC(=C1)C=C[N+](=O)[O-])Cl)OCC2=CC=CC=C2,
C1=CC(=CC=C1OC(F)(F)F)F,
IOOI.[W+6],
C1=CC=C(C(=C1)C(=O)O)S(=O)(=O)O,
CC1=C(C=C(C=C1CO)[N+](=O)[O-])[N+](=O)[O-],
CCC1=C(C2=CC3=NC(=CC4=C(C(=C([N-]4)C=C5C(=C(C(=N5)C=C1[N-]2)CC)CC)CC)CC)C(=C3CC)CC)CC.O=[V+2],
CCC(=CC)CC,
C=CC(=O)OC1=CC=CC=C1,
[Li+].C(#N)[S-].O,
[Ag].[Ag].[O],
C[Si](C)(C)[N-][Si](C)(C)C.C[Si](C)(C)[N-][Si](C)(C)C.C[Si](C)(C)[N-][Si](C)(C)C.[Nd+3],
CC(F)(F)F,
CCC1C(C(C(C(=O)C(CC(C(C(C(C(C(=O)O1)C)OC2CC(C(C(O2)C)O)(C)OC)C)OC3C(C(CC(O3)C)N(C)C)O)(C)O)C)C)O)(C)O,
C=COCCOCCOCCOC=C,
CC(=O)OCCC#CC1(=CC=C(S1)C2(=CC=CS2)),
C1C=CCOC(O1)C2=CC=CC=C2,
C1=CNOC1=C2C=C(C=C(C2=O)Cl)Cl,
C1CCC(C1)C2=CC=C(C=C2)O,
C1=CC(=C(C(=C1)Br)N)Br,
C=C(C)C(=O)OCCOCCOCCOCCOC,
CCCC1=NC=CS1,
CC(C)C(=O)OCC1=CC=CC=C1,
[O-]I(=O)=O.[O-]I(=O)=O.[Cu+2] 
C1=CC=C(C(=C1)CC(=O)O)Cl,
CN(C)C(=O)N,
C1=CSC(=C1)C(=O)[O-].[Na+],
CC(=CC(=O)C)[O-].CC(=CC(=O)C)[O-].[Sr+2],
CCCC(=O)C1=CC(=C(C=C1O)O)O,
CCN(CC)CCNCCN,
CCOC(=O)C1=CN=C(N=C1C)N,
CC1CC(C2CC1C2(C)C)OO,
C1=CC=C(C(=C1)C2=COC3=CC=CC=C3C2=O)O,
C1=CC(=CC=C1NN=C2C(=CC3=CC(=CC(=C3C2=O)O)S(=O)(=O)[O-])S(=O)(=O)[O-])S(=O)(=O)[O-].[Na+].[Na+].[Na+],
CCC=CCC=CCC=CCC=CCC=CCC=CCCC(=O)O,
CCOC1=CC=C(C=C1)N=C=S,
C[Si](C)(C)C#CC1=CC=CC=C1Br,
C1=CC=C(C=C1)CCC(C(=O)O)N,
CCCC(=CCC)CCC,
CCN(CC)C1=CC2=C(C=C1)C3(C4=C(O2)C=C(C=C4)N(CC)CC)C5=CC=CC=C5C(=O)O3,
C1=CC(=NC=C1I)Cl,
C1C=CCC=CC=C1,
CCCCCCCCCCCCC1(CCCCCCCCCCCC)C2=CC=CC=C2C3=CC=CC=C31,
C1C[NH+](CC[NH+]1CCS(=O)(=O)[O-])CCS(=O)(=O)[O-],
C1=CC(=CC(=C1)O)C(=O)C2=C(C=C(C=C2O)O)O,
Cl[Pt-2](Cl)(Cl)(Cl)(Cl)Cl.[K+].[K+],
C1=CC=C2C(=O)C=CC(=NNC3=CC=C(C=C3)S(=O)(=O)[O-])C2=C1.[Na+],
CC(=CC1C(C1(C)C)C(=O)OCC2=CC(=CC=C2)OC3=CC=CC=C3)C,
C(=O)[O-].[Tl+],
CC(C)(C)OC(=O)NCC1=CC=CC(=C1)CN,
C1CCC(CC1)CC(=O)O,
CCOC(=O)CCC1CCCCC1,
CCCN1C(=NC(=C1C2=NC(=NC=C2)NC3CC3)C4=CC(=C(C=C4)Cl)Cl)C5CCN(CC5)C,
CCCCCCCCC=CCC=CCCCCC([O-])=O,
C1=CC=C2C(=C1)C(=O)N(C2=O)Cl,
C1CC2=CC=CC=C2C1O,
COC1=CC=C(C=C1)[Si](C)(C)CC=C,
CC(C)(C)[Si](C)(C)C(Cl)Cl,
CC(C(C1=CC=CC=C1)C2=CC=CC=C2)O,
CC(C)(CC(C(=O)NCCC(=O)[O-])O)O.[Na+],
C1CN(CCC1C(=O)N2CCN(CC2)S(=O)(=O)C3=CC4=C(C=C3)C=C(C=C4)Cl)C5=CC=NC=C5,
CC(=O)NCC3(OC(OC2(C([N+])CC([N+])C(OC1(OC(CO)C(O)C([N+])C(O)1))C(O)2))C([N+])C(O)C(O)3),
C1=CC(=C(C(=C1)F)O)F,
C(CC(C(=O)O)N)CC(=O)O,
B(CCCC)(O)O,
C(O)C2(C(C(O)C([N+])C(OC1(C(C(O)C(O)C(O)C1O)OP(=O)([O-])OCC(OC(=O)[R2])COC([R1])=O))O2)O),
CCC(N)P(=O)(O)O,
C(C(F)(F)S(=O)(=O)F)(OC(C(F)(F)I)(F)F)(F)F,
CC1=C(CN)OC=C1OC2=CC=C(C=C2)CCN,
CC1=CC(=C(C=C1N=C=O)N=C=O)Cl,
CCC(=O)C(=O)C(=O)[O-],
C(CCN)CC(C(=O)O)N.Cl.Cl,
C[Hg+],
C[Si](C)(C)[N-][Si](C)(C)C.[Na+],
C1=CC=C(C=C1)CCNC(C2=C(C=CC(=C2)OC3=C(C=C(C=C3Br)CC(O)O)Br)O)O,
O=[Rh]O[Rh]=O,
C[N+]1=C2C=C(C=CC2=C3C=CC(=CC3=C1C4=CC=CC=C4)N)N.[Br-],
C[SiH]1O[SiH](C)O[SiH](C)O[SiH](C)O[SiH](C)O1,
CC([R])C(=O)SCCNC(=O)CCNC(=O)C(O)C(C)(C)COP(=O)(OP(=O)(OCC1(C(OP(O)(=O)O)C(O)C(O1)N3(C2(=C(C(N)=NC=N2)N=C3))))O)O,
N.N.N.N.N.N.Cl[Ru](Cl)Cl,
C(C=CCl)Cl,
C(=O)(C(=O)[O-])[O-].[Pb+2],
[C-]#[C].[Th],
CC1(C2CCC1(C(=O)C2)CS(=O)(=O)O)C,
CCC(C)(C)NC(C)(C)C=C,
COC1=CC=CC=C1C(=O)Cl,
C1N(CN(CN1CC2=CC=CC=C2)CC3=CC=CC=C3)CC4=CC=CC=C4,
C1=C(C=C(C(=C1O)O)O)C(=O)N,
CCCC(=O)O.[Na],
CC(=O)CC1=CC=C(C=C1)F,
C1=COC=C1,
CC1=CN=NC=C1,
[CH3-].[CH3-].[Zn+2],
[O-]S(=O)(=O)[O-].[Hg+2],
[N+](=O)([O-])[O-].[N+](=O)([O-])[O-].[N+](=O)([O-])[O-].O.O.O.O.O.O.[La+3],
C1=CSC(=C1)C(=O)N,
C(O)CCC(=NOS(=O)(=O)[O-])SC1(OC(CO)C(O)C(O)C(O)1),
CC[Si](CC)(CC)C#C,
C1CCC(CC1)N2CCCC2=O,
C1=CC=C(C(=C1)C(=O)CCC(=O)O)C(=O)O,
NC1=NC=NC2=C1N=C(Br)N2C1OC(COP(O)(O)=O)C(O)C1O,
C1CCCC(CC1)Cl,
C1=CC=C(C=C1)CSC2=CC=CC=C2,
COC1=CC=C(CC(NC(=O)CC(C)(C)N)C(=O)NC(CC2=CN=CN2)C(=O)NC(CC2CCCCC2)C(O)C(O)CC(C)C)C=C1,
C1=CC(=CC=C1S(=O)(=O)CC#N)Cl,
C1C(N(CC2=CC=CC=C21)S(=O)(=O)C3=CC=C(C=C3)C4=CC=CC=C4)C(=O)O,
CC(=CC(=O)C)O.CC(=CC(=O)C)O.CC(=CC(=O)C)O.O.[Er],
CCCCCCOC1=CC(=C(C=C1C=CC2=CC(=C(C=C2OCCCCCC)C=O)OCCCCCC)OCCCCCC)C=CC3=CC(=C(C=C3OCCCCCC)C=O)OCCCCCC,
CC1=CC2=C(C=C1C)SC(=N2)N,
CCCCCCCC[Si](C)(Cl)Cl,
NC1=CC=C(N)C2=C1C(=O)C1=C(O)C=CC(O)=C1C2=O,
CCN(CC)C(=O)C(=CC1=CC(=C(C(=C1)O)O)[N+](=O)[O-])C#N,
[Li+].C[N-]C,
CC1(C2C(C3C(C(=O)C(=C(N)O)C(=O)C3(C(=O)C2=C(C4=C1C=CC=C4O)O)O)N(C)C)O)O.O.O,
CC12CCC3C(C1CCC2O)CCC4=C3C=CC(=C4)O,
CC(CO)NC(=O)OC(C)(C)C,
COC1=CN=CC(=C1)C(=O)OC,
F[Pu](F)(F)F,
C1=CC(=C(C=C1Cl)Cl)CCBr,
C1CC(C(=O)C1)Cl,
N#[Ge]N([Ge]#N)[Ge]#N,
C1C2CC3CC1CC(C2)C3,
O.O.O.O.O.O.[Al](Cl)(Cl)Cl,
[Ne],
CC[O+](CC)CC.Cl[Sb-](Cl)(Cl)(Cl)(Cl)Cl,
CCCCCCOC(=O)CCCCC(=O)OCCCCCC,
CCCCOC(=O)C1CCC(=O)N1,
CC(C)(COP(=O)(O)OP(=O)(O)OC[C@@H]1[C@H]([C@H]([C@H](N2C=NC3=C(N)N=CN=C32)O1)O)OP(=O)(O)O)[C@H](C(=O)NCCC(=O)NCCSC(=O)C[C@](C)(C(=O)O)O)O,
[C-]#[O+].[C-]#[O+].[C-]#[O+].[C-]#[O+].C1=CC=C(C=C1)C2=C(C(=O)C(=C2C3=CC=CC=C3)C4=CC=CC=C4)C5=CC=CC=C5.C1=CC=C(C=C1)[C]2[C]([C]([C]([C]2C3=CC=CC=C3)O)C4=CC=CC=C4)C5=CC=CC=C5.[RuH].[Ru],
C1CCC(CC1)NC2=CC=CC=C2,
C1=CC=C(C=C1)[Ge](C2=CC=CC=C2)(Cl)Cl,
O([Tl])[Tl],
CC(=O)OCCP(=O)(OC)OC,
CC(C)(C)C(=O)NC1=CC=CC=C1CC2=CC=CC=C2,